-- phpMyAdmin SQL Dump
-- version 4.9.0.1
-- https://www.phpmyadmin.net/
--
-- Máy chủ: 127.0.0.1
-- Thời gian đã tạo: Th9 15, 2019 lúc 08:44 AM
-- Phiên bản máy phục vụ: 10.4.6-MariaDB
-- Phiên bản PHP: 7.3.9

SET SQL_MODE = "NO_AUTO_VALUE_ON_ZERO";
SET AUTOCOMMIT = 0;
START TRANSACTION;
SET time_zone = "+00:00";


/*!40101 SET @OLD_CHARACTER_SET_CLIENT=@@CHARACTER_SET_CLIENT */;
/*!40101 SET @OLD_CHARACTER_SET_RESULTS=@@CHARACTER_SET_RESULTS */;
/*!40101 SET @OLD_COLLATION_CONNECTION=@@COLLATION_CONNECTION */;
/*!40101 SET NAMES utf8mb4 */;

--
-- Cơ sở dữ liệu: `fruits`
--

-- --------------------------------------------------------

--
-- Cấu trúc bảng cho bảng `failed_jobs`
--

CREATE TABLE `failed_jobs` (
  `id` bigint(20) UNSIGNED NOT NULL,
  `connection` text COLLATE utf8mb4_unicode_ci NOT NULL,
  `queue` text COLLATE utf8mb4_unicode_ci NOT NULL,
  `payload` longtext COLLATE utf8mb4_unicode_ci NOT NULL,
  `exception` longtext COLLATE utf8mb4_unicode_ci NOT NULL,
  `failed_at` timestamp NOT NULL DEFAULT current_timestamp()
) ENGINE=InnoDB DEFAULT CHARSET=utf8mb4 COLLATE=utf8mb4_unicode_ci;

-- --------------------------------------------------------

--
-- Cấu trúc bảng cho bảng `migrations`
--

CREATE TABLE `migrations` (
  `id` int(10) UNSIGNED NOT NULL,
  `migration` varchar(255) COLLATE utf8mb4_unicode_ci NOT NULL,
  `batch` int(11) NOT NULL
) ENGINE=InnoDB DEFAULT CHARSET=utf8mb4 COLLATE=utf8mb4_unicode_ci;

--
-- Đang đổ dữ liệu cho bảng `migrations`
--

INSERT INTO `migrations` (`id`, `migration`, `batch`) VALUES
(16, '2014_10_12_000000_create_users_table', 1),
(17, '2014_10_12_100000_create_password_resets_table', 1),
(18, '2019_08_19_000000_create_failed_jobs_table', 1),
(19, '2019_09_15_050354_create_products_table', 1),
(20, '2019_09_15_050419_create_reviews_table', 1);

-- --------------------------------------------------------

--
-- Cấu trúc bảng cho bảng `password_resets`
--

CREATE TABLE `password_resets` (
  `email` varchar(255) COLLATE utf8mb4_unicode_ci NOT NULL,
  `token` varchar(255) COLLATE utf8mb4_unicode_ci NOT NULL,
  `created_at` timestamp NULL DEFAULT NULL
) ENGINE=InnoDB DEFAULT CHARSET=utf8mb4 COLLATE=utf8mb4_unicode_ci;

-- --------------------------------------------------------

--
-- Cấu trúc bảng cho bảng `products`
--

CREATE TABLE `products` (
  `id` bigint(20) UNSIGNED NOT NULL,
  `name` varchar(255) COLLATE utf8mb4_unicode_ci NOT NULL,
  `detail` text COLLATE utf8mb4_unicode_ci NOT NULL,
  `price` int(11) NOT NULL,
  `stock` int(11) NOT NULL,
  `discount` int(11) NOT NULL,
  `created_at` timestamp NULL DEFAULT NULL,
  `updated_at` timestamp NULL DEFAULT NULL
) ENGINE=InnoDB DEFAULT CHARSET=utf8mb4 COLLATE=utf8mb4_unicode_ci;

--
-- Đang đổ dữ liệu cho bảng `products`
--

INSERT INTO `products` (`id`, `name`, `detail`, `price`, `stock`, `discount`, `created_at`, `updated_at`) VALUES
(1, 'similique', 'Distinctio id quis quia et inventore maiores doloribus quaerat. Ratione nobis sunt vel ut optio quia. Dolorem et similique ea velit est. Numquam cumque omnis illo nesciunt.', 447, 2, 14, '2019-09-14 23:42:11', '2019-09-14 23:42:11'),
(2, 'cum', 'Reiciendis molestiae iste eum sint quibusdam qui. Quod et optio ea nostrum illo. Neque ut porro eius ut commodi voluptates. Provident ea officiis impedit inventore. Quis et architecto voluptate quo vel.', 341, 7, 16, '2019-09-14 23:42:11', '2019-09-14 23:42:11'),
(3, 'quia', 'Ipsum eveniet temporibus illo qui ducimus aperiam. Et dolores tenetur iure officia deserunt voluptatum at aut.', 969, 1, 20, '2019-09-14 23:42:11', '2019-09-14 23:42:11'),
(4, 'consequuntur', 'Deserunt tempora dolore ut et. Explicabo eos cum dolor harum sint. Qui quibusdam temporibus cumque voluptates perspiciatis rem vel.', 825, 0, 21, '2019-09-14 23:42:12', '2019-09-14 23:42:12'),
(5, 'ipsum', 'Est saepe eum fuga ut qui nihil veritatis porro. Quia quis asperiores qui velit modi ipsum. Pariatur qui odio at laborum rem deleniti. Recusandae excepturi laudantium est porro quis et.', 534, 3, 29, '2019-09-14 23:42:12', '2019-09-14 23:42:12'),
(6, 'maiores', 'Inventore accusantium eum iure quisquam. Explicabo cumque odio et voluptatibus reprehenderit animi explicabo facilis. Enim minima corporis asperiores voluptas doloribus earum. Magnam suscipit et iusto omnis qui.', 965, 7, 7, '2019-09-14 23:42:12', '2019-09-14 23:42:12'),
(7, 'harum', 'Architecto ut et eum ut ut. Dolorem hic ut quia aperiam. Sapiente expedita odio ducimus temporibus omnis repellat qui. Rerum in incidunt deserunt autem molestiae est impedit.', 855, 6, 26, '2019-09-14 23:42:12', '2019-09-14 23:42:12'),
(8, 'provident', 'Ad non maxime explicabo corrupti. Et debitis nemo qui est aspernatur qui molestias. Minus ut dolores est recusandae.', 738, 7, 29, '2019-09-14 23:42:12', '2019-09-14 23:42:12'),
(9, 'sed', 'Cupiditate natus repellendus ratione enim. Pariatur delectus assumenda fuga incidunt. Ex velit facere eveniet est. Nulla consequatur velit nihil enim est.', 952, 1, 18, '2019-09-14 23:42:12', '2019-09-14 23:42:12'),
(10, 'dolores', 'Dolores sapiente ipsam nulla quia. Molestiae non vitae quos iste modi. Odio minus corporis voluptas consequatur error ducimus. Consequatur est recusandae reprehenderit laborum ea odio.', 810, 5, 24, '2019-09-14 23:42:12', '2019-09-14 23:42:12'),
(11, 'a', 'Provident sint iure velit rerum nisi. Similique doloremque beatae perferendis placeat error ad. Dolor autem aspernatur vitae molestiae itaque. Enim quia consequuntur doloremque nulla.', 291, 1, 24, '2019-09-14 23:42:12', '2019-09-14 23:42:12'),
(12, 'sint', 'Aliquam commodi sed et quidem voluptas laudantium iusto. Facere optio aut atque harum omnis tenetur. Qui exercitationem id voluptatum commodi illum alias. Facere et rerum quod ad facilis quam.', 273, 3, 24, '2019-09-14 23:42:12', '2019-09-14 23:42:12'),
(13, 'illum', 'Et repudiandae ut perferendis illo quidem. Reiciendis recusandae in numquam aut. Aut quis repudiandae placeat aut amet enim.', 130, 7, 13, '2019-09-14 23:42:12', '2019-09-14 23:42:12'),
(14, 'modi', 'Qui aliquid a dicta magni voluptatum reiciendis. Sapiente voluptas voluptates voluptas perferendis. Ex quos quis aut culpa exercitationem cum. At rerum qui ex et.', 436, 7, 18, '2019-09-14 23:42:12', '2019-09-14 23:42:12'),
(15, 'officiis', 'Esse quis unde id id nihil exercitationem maiores in. Accusamus iusto quod velit itaque sapiente et sint voluptatem. Ut aliquid laboriosam at quod beatae autem. Corporis totam ad ad.', 775, 1, 14, '2019-09-14 23:42:12', '2019-09-14 23:42:12'),
(16, 'autem', 'Perferendis voluptates reprehenderit quis et laudantium ab. Ipsa accusantium vel voluptatem dolores minus. Laborum eaque assumenda placeat quod qui ipsam perferendis. Modi commodi velit ex neque voluptatem.', 219, 2, 12, '2019-09-14 23:42:12', '2019-09-14 23:42:12'),
(17, 'optio', 'Minus cupiditate illo laboriosam ab. Maiores maxime maxime ea quibusdam odit amet. Labore veritatis sequi illum corrupti est perspiciatis non et. Esse reprehenderit incidunt perspiciatis architecto dolores ut.', 263, 2, 26, '2019-09-14 23:42:12', '2019-09-14 23:42:12'),
(18, 'nostrum', 'Natus id quas inventore incidunt. Facilis quisquam ut earum aut tenetur placeat. Consequatur pariatur maxime omnis cum quam architecto reiciendis incidunt.', 740, 0, 12, '2019-09-14 23:42:12', '2019-09-14 23:42:12'),
(19, 'cumque', 'Quo quibusdam quaerat quisquam sapiente voluptas. Labore velit quia illum non nihil. Consequuntur ducimus neque aut atque doloribus. Impedit maiores expedita excepturi eos et.', 522, 1, 30, '2019-09-14 23:42:12', '2019-09-14 23:42:12'),
(20, 'neque', 'Optio distinctio aliquid necessitatibus. Praesentium praesentium incidunt odit ratione in et illo molestias.', 407, 6, 22, '2019-09-14 23:42:12', '2019-09-14 23:42:12'),
(21, 'quasi', 'Est reprehenderit perferendis ducimus aut. Quo aut qui quia quis aliquam sit. Deserunt velit a a qui inventore.', 323, 5, 24, '2019-09-14 23:42:12', '2019-09-14 23:42:12'),
(22, 'similique', 'Voluptas quae quia autem rerum delectus. Mollitia dolor accusantium voluptas eum dolores. Amet beatae earum consequatur quisquam quis recusandae.', 616, 1, 3, '2019-09-14 23:42:12', '2019-09-14 23:42:12'),
(23, 'maiores', 'Porro deleniti voluptatem eum laborum odit. Expedita minus aperiam itaque fugit. Et consectetur laudantium quo est.', 350, 7, 9, '2019-09-14 23:42:12', '2019-09-14 23:42:12'),
(24, 'et', 'Commodi deserunt reprehenderit et minus animi sapiente eum. Culpa provident ratione commodi explicabo. Id quidem autem eum qui dignissimos.', 277, 0, 24, '2019-09-14 23:42:12', '2019-09-14 23:42:12'),
(25, 'molestias', 'Deserunt voluptatibus sit voluptatem in sit. Qui hic est delectus quia. Ea recusandae mollitia perspiciatis. Qui excepturi dolores non iure aut voluptates est.', 860, 7, 8, '2019-09-14 23:42:12', '2019-09-14 23:42:12'),
(26, 'et', 'Hic id quam quia beatae. Consequatur quis et libero est tempore dicta quia. Magni debitis fugiat officiis id.', 971, 5, 30, '2019-09-14 23:42:12', '2019-09-14 23:42:12'),
(27, 'quo', 'Quasi sit ullam ducimus quibusdam pariatur. Cupiditate non ipsam ut ipsa nobis. Modi expedita nobis dolorem atque velit. Qui sapiente est voluptatem temporibus.', 954, 3, 11, '2019-09-14 23:42:13', '2019-09-14 23:42:13'),
(28, 'sit', 'Perferendis voluptate tenetur omnis aut. Necessitatibus et officiis quidem aspernatur. Nihil cupiditate est qui. Praesentium voluptate quasi magni ipsam natus.', 901, 3, 26, '2019-09-14 23:42:13', '2019-09-14 23:42:13'),
(29, 'et', 'Qui quidem et vero magni nobis rerum. Dolor quibusdam molestiae quisquam minima aut harum. Sint necessitatibus consequatur aspernatur voluptas incidunt adipisci sequi velit. Ipsam sed officia sunt a.', 149, 7, 22, '2019-09-14 23:42:13', '2019-09-14 23:42:13'),
(30, 'distinctio', 'Molestiae sit cupiditate quaerat qui nihil rerum. Molestiae doloremque reprehenderit aliquam dolor ut in aut. Veniam ut libero in eos aut adipisci sunt magnam. Qui sit cumque voluptatum fuga tempore voluptas placeat.', 655, 9, 14, '2019-09-14 23:42:13', '2019-09-14 23:42:13'),
(31, 'maxime', 'Fugit est eveniet pariatur. Veniam a eaque nisi vel deleniti. Voluptate eligendi error quia sed.', 526, 3, 16, '2019-09-14 23:42:13', '2019-09-14 23:42:13'),
(32, 'reiciendis', 'Omnis quia pariatur impedit eum. Voluptatibus facere autem qui eveniet. Excepturi rem provident voluptate deserunt blanditiis.', 883, 2, 11, '2019-09-14 23:42:13', '2019-09-14 23:42:13'),
(33, 'quam', 'Nam ipsa et eum illo et numquam qui. Placeat nihil aspernatur ex sed pariatur consectetur. Eos nisi totam et consequatur.', 242, 2, 23, '2019-09-14 23:42:13', '2019-09-14 23:42:13'),
(34, 'ut', 'Et quasi et incidunt quasi expedita. Nobis ullam qui sunt tempora aut assumenda. Fuga modi modi ea similique voluptatem minus.', 343, 4, 6, '2019-09-14 23:42:13', '2019-09-14 23:42:13'),
(35, 'enim', 'Consequatur dolorum cupiditate corrupti voluptates. Praesentium et est rerum dolorem nihil aut vitae. Fuga maxime adipisci repellendus porro. Ipsum et praesentium totam fugit illo.', 231, 7, 27, '2019-09-14 23:42:13', '2019-09-14 23:42:13'),
(36, 'consequatur', 'Nihil libero vel at labore consequatur. Rem excepturi explicabo odio non est quia omnis. Dolor voluptatem consequatur sunt iste sapiente molestias tenetur. Non quisquam nobis dolor harum maxime quidem.', 486, 4, 4, '2019-09-14 23:42:13', '2019-09-14 23:42:13'),
(37, 'vero', 'Ab minus ab sunt cupiditate porro eligendi at. Consequatur inventore autem nesciunt a qui laborum consequatur nihil. Iusto ratione maxime harum nemo.', 254, 1, 11, '2019-09-14 23:42:13', '2019-09-14 23:42:13'),
(38, 'distinctio', 'Sed laborum ea non dolorem quod. Voluptatibus ut sapiente a consequuntur aut. Quod doloribus explicabo minus vel autem magnam nostrum. Odio aut enim vel sit aliquid et non.', 939, 3, 17, '2019-09-14 23:42:13', '2019-09-14 23:42:13'),
(39, 'in', 'Enim enim quas et assumenda sint. Suscipit dicta atque est ea tempora nemo. Deleniti rerum impedit itaque animi et rem.', 164, 1, 8, '2019-09-14 23:42:13', '2019-09-14 23:42:13'),
(40, 'ea', 'Facilis quia iure sunt vero aut excepturi soluta. Eius eos optio omnis est alias animi. Hic id ut est qui dolorum id nisi maxime.', 306, 6, 16, '2019-09-14 23:42:13', '2019-09-14 23:42:13'),
(41, 'excepturi', 'Iusto at sapiente sit autem libero quas. Eius corporis aut repellat a. Esse doloribus illo officia in.', 224, 1, 14, '2019-09-14 23:42:13', '2019-09-14 23:42:13'),
(42, 'voluptate', 'Omnis deserunt voluptatem modi saepe nisi aut. Odio unde nihil praesentium inventore error fugiat. Quis qui officia illum omnis dolorem quo.', 189, 6, 22, '2019-09-14 23:42:13', '2019-09-14 23:42:13'),
(43, 'excepturi', 'Eos est aut est amet. Voluptatem iure cupiditate nam ut ipsam quisquam. Asperiores autem enim nulla modi voluptas est.', 244, 3, 20, '2019-09-14 23:42:13', '2019-09-14 23:42:13'),
(44, 'magni', 'Est et optio beatae. Sunt voluptatibus non omnis eveniet rerum. Minima consectetur distinctio voluptas et.', 520, 1, 23, '2019-09-14 23:42:13', '2019-09-14 23:42:13'),
(45, 'delectus', 'Ipsa iure cum omnis ipsam animi ut perspiciatis. Vel est porro est omnis. Dolor commodi minus hic earum.', 502, 7, 18, '2019-09-14 23:42:13', '2019-09-14 23:42:13'),
(46, 'dolorem', 'Optio eaque et dolorum laborum aut. Voluptatibus voluptas fuga officia odio occaecati. Non at optio accusamus quo quia occaecati.', 821, 2, 28, '2019-09-14 23:42:13', '2019-09-14 23:42:13'),
(47, 'incidunt', 'Vel blanditiis assumenda molestiae ipsam fuga et in. Ut culpa velit magnam nostrum unde voluptas neque. Corrupti pariatur unde et ad facere ut.', 368, 0, 14, '2019-09-14 23:42:13', '2019-09-14 23:42:13'),
(48, 'unde', 'Error fuga praesentium eos. Sunt fugit officiis a a neque mollitia. Est ullam est tenetur ea nihil.', 967, 5, 19, '2019-09-14 23:42:13', '2019-09-14 23:42:13'),
(49, 'provident', 'Placeat repellat quas voluptatem quaerat vitae est error aperiam. Consequatur et recusandae quia earum temporibus pariatur. Aut sunt voluptas non aperiam qui modi.', 190, 8, 30, '2019-09-14 23:42:13', '2019-09-14 23:42:13'),
(50, 'libero', 'Nam quasi molestias voluptate labore. Id consequatur et dolor sequi dolorem. Omnis nulla aut soluta veritatis qui eius. Laudantium tenetur enim eligendi id quisquam.', 472, 1, 4, '2019-09-14 23:42:13', '2019-09-14 23:42:13');

-- --------------------------------------------------------

--
-- Cấu trúc bảng cho bảng `reviews`
--

CREATE TABLE `reviews` (
  `id` bigint(20) UNSIGNED NOT NULL,
  `product_id` bigint(20) UNSIGNED NOT NULL,
  `customer` varchar(255) COLLATE utf8mb4_unicode_ci NOT NULL,
  `review` text COLLATE utf8mb4_unicode_ci NOT NULL,
  `star` int(11) NOT NULL,
  `created_at` timestamp NULL DEFAULT NULL,
  `updated_at` timestamp NULL DEFAULT NULL
) ENGINE=InnoDB DEFAULT CHARSET=utf8mb4 COLLATE=utf8mb4_unicode_ci;

--
-- Đang đổ dữ liệu cho bảng `reviews`
--

INSERT INTO `reviews` (`id`, `product_id`, `customer`, `review`, `star`, `created_at`, `updated_at`) VALUES
(1, 10, 'Marco Gerlach', 'Officiis ut impedit veniam ab in non impedit. Aut quis consectetur et neque doloremque sit. Facilis excepturi enim deleniti. Aliquam occaecati sed aut possimus aperiam ut fugit.', 0, '2019-09-14 23:42:14', '2019-09-14 23:42:14'),
(2, 17, 'Rosemarie Hickle', 'Sequi dignissimos beatae delectus. Possimus in ipsa excepturi laudantium veritatis enim. Nostrum dolorum et doloremque. Error ratione aut quia et. Fugiat voluptas vero rerum et.', 1, '2019-09-14 23:42:14', '2019-09-14 23:42:14'),
(3, 35, 'Larry Raynor III', 'Accusantium quos est dicta quasi enim. Similique qui aliquam perspiciatis sit sunt aut.', 1, '2019-09-14 23:42:14', '2019-09-14 23:42:14'),
(4, 26, 'Serena Robel', 'Corporis consequatur a voluptates ut vero qui iure consequatur. Nostrum repellendus veritatis error id possimus ab vero. Libero delectus at quisquam explicabo quia.', 0, '2019-09-14 23:42:14', '2019-09-14 23:42:14'),
(5, 7, 'Mr. Marshall Dach', 'Aut excepturi dicta nihil sequi provident. Est reiciendis aspernatur omnis quidem. Voluptatem aut laborum saepe molestias sequi et aspernatur.', 5, '2019-09-14 23:42:14', '2019-09-14 23:42:14'),
(6, 15, 'Dr. Lorine Swift I', 'Non perspiciatis aliquam inventore nesciunt. In ut maxime qui omnis voluptatem. Eligendi et minus ea et sapiente eaque facilis.', 0, '2019-09-14 23:42:14', '2019-09-14 23:42:14'),
(7, 31, 'Shannon Hettinger', 'Aliquam optio voluptatum sit maiores. Et ut sapiente illo. Iure id quia temporibus unde non aut.', 3, '2019-09-14 23:42:14', '2019-09-14 23:42:14'),
(8, 30, 'Ocie Bernhard', 'Hic ab quo dolorem nemo blanditiis neque similique. Harum sunt temporibus alias eos harum dolores ut. Exercitationem sed officiis enim fuga natus unde corporis minima.', 5, '2019-09-14 23:42:14', '2019-09-14 23:42:14'),
(9, 47, 'Geovanni Mohr IV', 'Voluptas nulla iusto voluptatibus dolores rerum facilis fugiat. Consequatur exercitationem ullam dolor est nesciunt quia odio dicta. Aspernatur in ab velit et omnis quidem. Architecto repellat molestiae aut enim.', 4, '2019-09-14 23:42:14', '2019-09-14 23:42:14'),
(10, 33, 'Ms. Alvena Homenick MD', 'Asperiores illo cum nobis exercitationem ratione tempore. Adipisci aliquid ut ipsa maiores non. Hic sunt eos quia. Voluptas accusamus odit laudantium maiores sapiente quia.', 2, '2019-09-14 23:42:14', '2019-09-14 23:42:14'),
(11, 22, 'Wayne Reichert', 'Hic enim sequi explicabo molestiae. Necessitatibus autem eaque et voluptatibus aut qui corporis. Quaerat dignissimos labore eius nobis. Doloremque ab amet quia quibusdam quia.', 1, '2019-09-14 23:42:14', '2019-09-14 23:42:14'),
(12, 41, 'Margaret Schulist', 'Ipsa veniam repellendus recusandae fugit. Aperiam rerum temporibus rerum asperiores voluptatem. Non non magni deserunt voluptates sit voluptas. Sunt facilis quo quia quis labore harum.', 2, '2019-09-14 23:42:14', '2019-09-14 23:42:14'),
(13, 23, 'Elda Wunsch', 'Tempora rem aspernatur atque non. Dolor eligendi consequatur cupiditate. Culpa dolorem recusandae dignissimos distinctio magnam. Magnam iusto velit tenetur tempora ut qui necessitatibus.', 1, '2019-09-14 23:42:14', '2019-09-14 23:42:14'),
(14, 27, 'Mose Jacobi', 'Recusandae quo eos molestiae soluta dolorem. Impedit voluptate beatae sequi commodi. Culpa qui ad voluptas architecto aut.', 1, '2019-09-14 23:42:14', '2019-09-14 23:42:14'),
(15, 29, 'Alford Blanda Jr.', 'Recusandae reiciendis ut eos adipisci. Quasi rerum id autem distinctio optio. Sapiente culpa et sapiente ipsam rerum corporis.', 2, '2019-09-14 23:42:14', '2019-09-14 23:42:14'),
(16, 14, 'Martina Bogan Jr.', 'Sint officiis eos esse quasi. Non ratione aperiam velit officia sint fugit at et. Quisquam consequatur dolores et.', 5, '2019-09-14 23:42:14', '2019-09-14 23:42:14'),
(17, 22, 'Prof. Elsie Paucek', 'Hic veniam facilis laudantium et voluptas blanditiis. Quia atque provident libero quis eaque reiciendis qui saepe. Autem animi qui est rerum doloremque.', 1, '2019-09-14 23:42:14', '2019-09-14 23:42:14'),
(18, 33, 'Kassandra Mann', 'Quidem dolores cupiditate illo repudiandae omnis quasi. Saepe rerum quo consequatur dolores distinctio ex. Autem sed assumenda vel a quia nisi.', 5, '2019-09-14 23:42:14', '2019-09-14 23:42:14'),
(19, 23, 'Arely Weissnat', 'Culpa et animi sit dicta dolor natus. Voluptas voluptas esse voluptatum dolor ut sequi. Provident id animi aspernatur veniam error reiciendis. Ex esse occaecati et eligendi aut sunt.', 2, '2019-09-14 23:42:14', '2019-09-14 23:42:14'),
(20, 41, 'Vincent Maggio', 'Et possimus quidem et aspernatur blanditiis est sint. Quae et unde nihil dignissimos. Iure optio numquam officia enim animi voluptas sequi. Modi eos iusto praesentium aut hic doloribus.', 0, '2019-09-14 23:42:14', '2019-09-14 23:42:14'),
(21, 39, 'Bryana Ward', 'Consequatur asperiores voluptatem laudantium possimus maxime id fuga et. Sit accusamus perspiciatis maxime dicta. Earum impedit dicta nostrum quos ad.', 3, '2019-09-14 23:42:14', '2019-09-14 23:42:14'),
(22, 45, 'Ms. Katarina Bartell Jr.', 'Rerum quod dolore accusantium maiores ut vel. Quo ducimus sed ut voluptatem quae similique. Magni dolore aut sint est at rem non.', 1, '2019-09-14 23:42:14', '2019-09-14 23:42:14'),
(23, 15, 'Mckenna West Jr.', 'Quis ipsum non non magnam est. Est qui aut voluptates illum est quia voluptate. Numquam aut iure earum quasi quasi molestias velit. Ut voluptates ut modi omnis.', 3, '2019-09-14 23:42:14', '2019-09-14 23:42:14'),
(24, 44, 'Kody Bergstrom', 'Ut sint molestias quis temporibus assumenda id quo cum. Deserunt dolorem quia repellendus corrupti ea voluptatem ex.', 2, '2019-09-14 23:42:14', '2019-09-14 23:42:14'),
(25, 30, 'Willis Kessler', 'Qui eaque nesciunt soluta et ea. Rerum excepturi beatae quibusdam ut in dolorum. Dolor facilis et aliquam. Tenetur harum eos a rem iure illo.', 0, '2019-09-14 23:42:15', '2019-09-14 23:42:15'),
(26, 45, 'Mr. Jean Bednar', 'In deleniti quasi quaerat dolorem quisquam. Ad inventore deleniti corrupti. Magnam dignissimos sed est nesciunt porro. Enim aut temporibus eveniet similique nam corrupti.', 3, '2019-09-14 23:42:15', '2019-09-14 23:42:15'),
(27, 47, 'Kaelyn Hamill', 'Ut assumenda ut tenetur voluptas dicta. Quis dolores aut aspernatur aut modi a nisi.', 0, '2019-09-14 23:42:15', '2019-09-14 23:42:15'),
(28, 37, 'Mya Wiza', 'Provident alias aperiam eius voluptatibus omnis rem. Aut quas nesciunt vero autem corporis et cumque recusandae.', 2, '2019-09-14 23:42:15', '2019-09-14 23:42:15'),
(29, 10, 'Dr. Lauretta Raynor', 'Voluptas nihil pariatur dolore at dolore atque non. Ut qui voluptatum aut. Delectus quo laudantium nesciunt maxime illum sequi sequi.', 2, '2019-09-14 23:42:15', '2019-09-14 23:42:15'),
(30, 17, 'Werner Ortiz', 'Sint non laboriosam est a. Ipsum nihil velit eius dicta. Quod est minus laborum natus adipisci ut atque et.', 4, '2019-09-14 23:42:15', '2019-09-14 23:42:15'),
(31, 3, 'Blaise White', 'Temporibus veniam dolorum deserunt totam aut. Molestiae numquam nobis enim rem adipisci nihil voluptatem. Nisi maxime ex est sed doloribus ipsum. Id voluptatem in possimus mollitia.', 2, '2019-09-14 23:42:15', '2019-09-14 23:42:15'),
(32, 13, 'Luigi Walter I', 'Qui vitae consequatur voluptatum. Praesentium ipsam suscipit enim eaque totam. Aliquam reprehenderit recusandae quia qui velit dolorem sunt esse. Ea aut qui voluptas dolores natus qui nam.', 0, '2019-09-14 23:42:15', '2019-09-14 23:42:15'),
(33, 41, 'Berry Armstrong', 'Quas voluptatem veniam repellat architecto reiciendis rem porro. Ratione aut ut et earum laudantium ipsam. Ipsam distinctio libero aliquid id.', 3, '2019-09-14 23:42:15', '2019-09-14 23:42:15'),
(34, 18, 'Rodrick Hirthe Sr.', 'Ipsum molestias harum voluptatem officia ea. Minima placeat laborum adipisci ut.', 2, '2019-09-14 23:42:15', '2019-09-14 23:42:15'),
(35, 10, 'Caroline Bauch', 'Voluptate qui magnam omnis nihil voluptatem. Eum rerum enim consequatur numquam. Commodi fugit cum non autem. Rerum quo in quod ut porro officia omnis.', 2, '2019-09-14 23:42:15', '2019-09-14 23:42:15'),
(36, 13, 'Mable Schuster I', 'Adipisci nesciunt temporibus nisi non commodi. Fugit voluptatum ullam dolores accusantium sit. Labore velit architecto ipsam magnam et aliquam et.', 4, '2019-09-14 23:42:15', '2019-09-14 23:42:15'),
(37, 45, 'Dr. Nelson Bayer V', 'Officia omnis ipsam voluptas ipsum asperiores assumenda. Libero minus et voluptates voluptatem. Enim dolorum voluptatibus sit fuga eveniet. Veniam optio quod fuga voluptatibus.', 0, '2019-09-14 23:42:15', '2019-09-14 23:42:15'),
(38, 22, 'Laurine Morar V', 'Et quam alias in facere quasi rem earum. Quos rem soluta assumenda repudiandae ut aperiam molestiae voluptatem. Cum aspernatur voluptas quia et voluptate neque modi. Numquam et facilis vel ab porro unde pariatur deleniti.', 1, '2019-09-14 23:42:15', '2019-09-14 23:42:15'),
(39, 18, 'Jadon Willms', 'Et earum minus dicta soluta ad. Ut facilis commodi consequuntur quia minima odit et doloribus. Ullam architecto possimus error modi quia cumque illo. Facilis quaerat ipsum et explicabo doloremque at.', 1, '2019-09-14 23:42:15', '2019-09-14 23:42:15'),
(40, 33, 'Nona McLaughlin', 'Sed esse totam exercitationem consequatur sed architecto quo quas. Error quod delectus eos. Illum quidem est quaerat quia aut.', 2, '2019-09-14 23:42:15', '2019-09-14 23:42:15'),
(41, 8, 'Madilyn Nitzsche', 'Ea dolores et fugiat officiis quae quis. Enim facilis optio est voluptas. Facilis occaecati sint quis aut tempora dolor.', 4, '2019-09-14 23:42:15', '2019-09-14 23:42:15'),
(42, 4, 'Erick Kiehn', 'Nihil quia omnis minima quasi repudiandae. Quo dolorem quo adipisci culpa eaque repudiandae.', 2, '2019-09-14 23:42:15', '2019-09-14 23:42:15'),
(43, 7, 'Prof. Rodolfo Bins IV', 'Corporis similique omnis delectus porro. Id labore labore et soluta. Aut cum sit laudantium omnis. Quasi et laborum consequuntur quaerat delectus laudantium illum.', 0, '2019-09-14 23:42:15', '2019-09-14 23:42:15'),
(44, 48, 'Ashleigh Stamm MD', 'Deserunt illum ratione distinctio dolores. Magni blanditiis velit aperiam. Voluptates cupiditate repellat est ut exercitationem maiores consequatur quis. Iure harum voluptas aspernatur in qui dolorem. Voluptatem tempore assumenda dolor ipsa consequatur fugiat.', 4, '2019-09-14 23:42:15', '2019-09-14 23:42:15'),
(45, 38, 'Carmen Moen', 'Nihil dolores quia quia omnis hic optio. Quo ducimus provident soluta ut nostrum nam. Sit et dolor similique quas. Dolorem quasi provident quia rerum quam sint fugiat.', 1, '2019-09-14 23:42:15', '2019-09-14 23:42:15'),
(46, 3, 'Yadira Orn', 'Maxime et autem quia aut cupiditate. Ex perspiciatis nisi consequatur voluptatem. Occaecati qui dolor enim quos.', 5, '2019-09-14 23:42:15', '2019-09-14 23:42:15'),
(47, 23, 'Mr. Hollis Schowalter', 'Minus quidem qui architecto blanditiis dicta eveniet facilis quo. Sequi voluptas voluptatibus minima explicabo voluptatem mollitia. Fugiat animi quam iste rerum ea.', 4, '2019-09-14 23:42:15', '2019-09-14 23:42:15'),
(48, 6, 'Miss Adella Veum PhD', 'Sunt veritatis voluptatem quasi vero nam et. Velit est non quia impedit nihil vel adipisci nulla.', 4, '2019-09-14 23:42:15', '2019-09-14 23:42:15'),
(49, 16, 'Clark Emmerich', 'Qui ut maxime maxime et repellat. Illum provident ratione quod perspiciatis sed non cum enim. Recusandae animi quidem asperiores illum omnis.', 2, '2019-09-14 23:42:15', '2019-09-14 23:42:15'),
(50, 13, 'Syble Hintz III', 'Eveniet vitae ut harum alias. Necessitatibus ea cumque accusantium et.', 2, '2019-09-14 23:42:15', '2019-09-14 23:42:15'),
(51, 19, 'Alivia Spencer', 'Ducimus ut dolorum et in saepe. Laudantium repudiandae at eveniet quisquam.', 4, '2019-09-14 23:42:15', '2019-09-14 23:42:15'),
(52, 4, 'Dameon Schuppe V', 'Accusantium autem quis in eum nesciunt excepturi ipsum. Et et omnis dolores alias.', 1, '2019-09-14 23:42:15', '2019-09-14 23:42:15'),
(53, 21, 'Bruce D\'Amore', 'Tempora nobis ut laborum quas placeat. Ducimus non temporibus porro quod vel fugiat recusandae qui. Ratione eaque rerum modi iure labore hic et. Odit est cumque inventore.', 5, '2019-09-14 23:42:15', '2019-09-14 23:42:15'),
(54, 37, 'Mina Koss DVM', 'Ipsa earum culpa reprehenderit autem eligendi. Voluptatem delectus maiores quis. Cumque cumque sit dolorum iste dolor et quas cumque.', 4, '2019-09-14 23:42:15', '2019-09-14 23:42:15'),
(55, 23, 'Mr. Adonis Bergnaum III', 'Officiis sequi delectus et aut perferendis. Doloremque optio voluptate reiciendis adipisci voluptates architecto sapiente aut.', 1, '2019-09-14 23:42:16', '2019-09-14 23:42:16'),
(56, 23, 'Dr. Brando Wiegand MD', 'Dolore asperiores delectus non impedit mollitia nostrum. Aut facere officia omnis aut voluptas nam. Animi cumque et molestias ullam ipsum repellendus.', 5, '2019-09-14 23:42:16', '2019-09-14 23:42:16'),
(57, 28, 'Kacie Lubowitz', 'Adipisci saepe eos optio non earum quis. Vero perspiciatis qui odit dignissimos quaerat in. Quidem sit perspiciatis neque est. Tempora repellendus sint sit nihil et sit minima.', 3, '2019-09-14 23:42:16', '2019-09-14 23:42:16'),
(58, 14, 'Colt Hoeger', 'Atque beatae aliquid ullam accusamus veritatis blanditiis. Laboriosam eligendi vel quis hic earum tempora. Recusandae et maiores veritatis quam est tenetur.', 3, '2019-09-14 23:42:16', '2019-09-14 23:42:16'),
(59, 3, 'Maia Runolfsson', 'Harum vel facere et eveniet sunt. Ut reprehenderit placeat odio autem in. Et et ut consequatur eos et.', 0, '2019-09-14 23:42:16', '2019-09-14 23:42:16'),
(60, 32, 'Prof. Nicolas Swift', 'Et non ut earum itaque. Ea molestias fugiat id cumque quam tempore est odit. Excepturi eaque quisquam velit cupiditate magnam laborum sequi. Itaque quae veritatis soluta rerum asperiores autem earum suscipit.', 0, '2019-09-14 23:42:16', '2019-09-14 23:42:16'),
(61, 42, 'Amani Langosh', 'Quasi et sed culpa omnis optio. Ipsam voluptas eos voluptates doloremque provident facilis. Et ea sint modi corrupti.', 1, '2019-09-14 23:42:16', '2019-09-14 23:42:16'),
(62, 16, 'Raegan Veum', 'Et voluptas omnis officia ut est sunt. Rem qui minus dignissimos dolorum perferendis. Fuga consequatur atque explicabo perspiciatis quaerat. Officiis ut eum at quia voluptate.', 3, '2019-09-14 23:42:16', '2019-09-14 23:42:16'),
(63, 31, 'Alisha Bauch', 'Natus molestiae dolore dignissimos vero fugiat. Qui sunt enim iusto aspernatur quis qui qui.', 5, '2019-09-14 23:42:16', '2019-09-14 23:42:16'),
(64, 3, 'Kianna Prosacco', 'Sunt est laudantium repellendus ducimus doloremque. Est quia eum deserunt quo asperiores.', 4, '2019-09-14 23:42:16', '2019-09-14 23:42:16'),
(65, 9, 'Dr. Gay Wisozk', 'Ut suscipit eum nulla reprehenderit minus beatae. Sit aperiam totam iure blanditiis et corporis qui. Non vitae voluptas aut. Labore repellat dolore quaerat sed.', 0, '2019-09-14 23:42:16', '2019-09-14 23:42:16'),
(66, 41, 'Miss Lupe Rice', 'Molestiae veritatis ut velit nulla aut ut. Iste voluptates distinctio esse mollitia. Alias accusantium quisquam et quidem. Aut ut quo cum occaecati.', 2, '2019-09-14 23:42:16', '2019-09-14 23:42:16'),
(67, 28, 'Prof. Kay Schinner V', 'Aut fugit distinctio expedita dolores nam doloribus et suscipit. Totam iusto cupiditate ipsa. Deleniti facere recusandae molestiae voluptate quo nesciunt.', 4, '2019-09-14 23:42:16', '2019-09-14 23:42:16'),
(68, 5, 'Hudson Berge II', 'Sint quibusdam sapiente deserunt velit provident ad deleniti. Assumenda quasi eius laboriosam quia. Magni tempore blanditiis voluptatem molestias fugit. A laboriosam autem enim aliquam tenetur eos optio. Praesentium rerum voluptatum explicabo velit enim.', 2, '2019-09-14 23:42:16', '2019-09-14 23:42:16'),
(69, 13, 'Mr. Keagan Jast', 'Aut et doloremque impedit qui libero mollitia voluptates. Officia expedita nulla totam aut animi tempore expedita maxime. Qui quae eos assumenda et impedit ipsa sunt. Tempore consequatur eum ducimus reiciendis eveniet velit quis.', 0, '2019-09-14 23:42:16', '2019-09-14 23:42:16'),
(70, 23, 'Kathryne Romaguera', 'Est quod vel aut vel. Sunt repudiandae nisi est mollitia fugit enim. Aliquam voluptas rem temporibus qui commodi dolor.', 5, '2019-09-14 23:42:16', '2019-09-14 23:42:16'),
(71, 24, 'Ms. Aliya Shanahan V', 'Consequatur non porro quas saepe debitis expedita aut. Cumque eos assumenda et itaque fugiat. Laborum perspiciatis neque illum modi. Dolores similique ad officia est totam quis.', 2, '2019-09-14 23:42:16', '2019-09-14 23:42:16'),
(72, 4, 'Dax Fritsch', 'Quos dicta explicabo non minima voluptas et at. Voluptatem ea distinctio eligendi tempore impedit. Est dolor et veritatis.', 2, '2019-09-14 23:42:16', '2019-09-14 23:42:16'),
(73, 25, 'Prof. Korbin Hickle I', 'Vel fugit dolores voluptatum quasi assumenda explicabo. Et ex repudiandae optio natus. Alias esse tempore tempora ipsa atque ducimus.', 0, '2019-09-14 23:42:16', '2019-09-14 23:42:16'),
(74, 5, 'Loma Gusikowski', 'Officia possimus ullam dolores et mollitia. Voluptas veniam iure aut quo. Sapiente ratione voluptatem voluptatum qui voluptatem consequatur laborum. Rerum sed possimus aspernatur suscipit.', 2, '2019-09-14 23:42:16', '2019-09-14 23:42:16'),
(75, 9, 'Nelle Bartell Sr.', 'Possimus eum voluptates est nostrum aut ut sint. Perferendis ipsam ex vel voluptates iusto. Quae autem tenetur laudantium magnam.', 4, '2019-09-14 23:42:16', '2019-09-14 23:42:16'),
(76, 39, 'Derek Schultz V', 'A similique voluptatem distinctio provident. Pariatur assumenda consequatur vitae amet ab quaerat voluptatibus. Sed quis molestias veniam iure. Minima expedita consequatur et cupiditate.', 2, '2019-09-14 23:42:16', '2019-09-14 23:42:16'),
(77, 13, 'Miss Rosemary Braun', 'Repellat eos et dolore quod. Eius neque aut beatae natus. Quos inventore quibusdam dolorem officiis architecto aut quas. Ut quae et numquam.', 2, '2019-09-14 23:42:16', '2019-09-14 23:42:16'),
(78, 36, 'Ezequiel Romaguera', 'Vel totam illo alias. Et nulla aut impedit dolorem enim ullam rerum. Quis esse magni non vero. Tempore in ea ut beatae ducimus ut. Dolor voluptas recusandae ipsa rem fuga voluptas.', 4, '2019-09-14 23:42:16', '2019-09-14 23:42:16'),
(79, 32, 'Dr. Verla Hettinger II', 'Quam corporis dolores vitae est ut. Vel temporibus nam optio ut laudantium enim. Animi ut illum vel error iste provident officiis. Mollitia eveniet repudiandae dolorem quia.', 2, '2019-09-14 23:42:16', '2019-09-14 23:42:16'),
(80, 47, 'Verda Dibbert MD', 'Optio repellat id nostrum ab error consequatur. Sapiente consequatur tenetur in beatae sed ea earum aperiam. Aut dicta iste sit possimus.', 3, '2019-09-14 23:42:16', '2019-09-14 23:42:16'),
(81, 7, 'Denis Hand', 'Aperiam minima voluptas vel eaque totam ipsum impedit. Optio repellendus asperiores et repellendus quo. Dolore eos molestiae ex amet nihil.', 5, '2019-09-14 23:42:16', '2019-09-14 23:42:16'),
(82, 22, 'Isabella Swift', 'Quaerat illo maiores dolor et. Sunt voluptatem molestiae omnis. Tempora commodi quas quam ipsum exercitationem qui.', 5, '2019-09-14 23:42:16', '2019-09-14 23:42:16'),
(83, 19, 'Talia Rogahn', 'Possimus quaerat ut voluptatibus quod neque facilis aliquam. Iure dolorum laborum perspiciatis ut. Est vel tempore eum esse exercitationem molestias.', 0, '2019-09-14 23:42:16', '2019-09-14 23:42:16'),
(84, 32, 'Reymundo Fay PhD', 'Quae est adipisci omnis neque voluptas perferendis eum. Est repudiandae officiis est.', 1, '2019-09-14 23:42:16', '2019-09-14 23:42:16'),
(85, 24, 'Mr. Colt Mosciski Jr.', 'Maxime aut nemo recusandae provident esse ut autem. Maxime quis quisquam sit dolor. Nostrum quibusdam aspernatur est sed quia dolorem omnis.', 5, '2019-09-14 23:42:16', '2019-09-14 23:42:16'),
(86, 36, 'Miss Alicia Wiegand DDS', 'Aut non delectus rerum et cum excepturi. Sit officiis cupiditate sed reprehenderit est illo. Omnis veritatis ut voluptas. Itaque quod sed magni et pariatur.', 2, '2019-09-14 23:42:16', '2019-09-14 23:42:16'),
(87, 5, 'Linda Waelchi', 'Eius et consequatur omnis est suscipit dolor. Aperiam eum et aliquam et omnis. Alias soluta repellat molestiae nobis ut odio.', 0, '2019-09-14 23:42:16', '2019-09-14 23:42:16'),
(88, 25, 'Brisa Kris', 'Ducimus cupiditate qui tenetur quos. Quas voluptates itaque saepe eaque perspiciatis. Suscipit sint exercitationem sed qui id commodi ut. Qui ratione quis aut in maiores commodi.', 1, '2019-09-14 23:42:17', '2019-09-14 23:42:17'),
(89, 13, 'Prof. Ryleigh Murphy', 'Consequatur voluptatum repellendus velit numquam ratione. Corporis consequatur libero dolorem atque ut vel saepe est. Quisquam ut ut asperiores eligendi voluptatem. Voluptatem alias quae distinctio voluptatem.', 3, '2019-09-14 23:42:17', '2019-09-14 23:42:17'),
(90, 47, 'Dr. Alverta Kris', 'Quia tenetur rerum voluptas amet cum et quia est. Laborum dolores veniam perferendis corrupti. Vero modi fugiat ad sit voluptatem recusandae iure in. Inventore laboriosam dolorum ut aut voluptatum qui.', 1, '2019-09-14 23:42:17', '2019-09-14 23:42:17'),
(91, 15, 'Giuseppe Schmeler', 'Et veritatis tempore dolor qui. Nihil quo est fugit laborum illum qui facilis nam. Ut adipisci alias voluptatem unde commodi. Ut molestias quis aliquid sit ab sunt nihil.', 4, '2019-09-14 23:42:17', '2019-09-14 23:42:17'),
(92, 4, 'Felix Friesen PhD', 'Omnis voluptas tempora qui sit quos quibusdam. Maxime aperiam quidem reiciendis dolores voluptatum. Recusandae laboriosam ad est fuga. Ut sed pariatur et rerum rem eos. Dolore odit dolor sit quia accusamus cumque.', 5, '2019-09-14 23:42:17', '2019-09-14 23:42:17'),
(93, 30, 'Theresa Kuhlman', 'Expedita amet dolor aliquam adipisci aut. Magnam occaecati ut nam consequatur. Sequi est quia totam autem explicabo nemo.', 0, '2019-09-14 23:42:17', '2019-09-14 23:42:17'),
(94, 7, 'Josh Schuster', 'Voluptates excepturi libero iure ipsum saepe. Et rerum dolor est ut dolores dicta. Culpa quam distinctio expedita rem.', 5, '2019-09-14 23:42:17', '2019-09-14 23:42:17'),
(95, 31, 'Louvenia Walsh', 'Voluptatem ea perferendis laudantium iure. Sed temporibus at quam minus omnis aut sunt. Ut itaque velit voluptatem omnis porro.', 3, '2019-09-14 23:42:17', '2019-09-14 23:42:17'),
(96, 47, 'Jade Bergnaum', 'Ea et sint quo suscipit fugiat ut soluta. Dolorum provident omnis in ullam. Perspiciatis ut maiores et mollitia. Doloribus quis quae et omnis aut et a sunt.', 3, '2019-09-14 23:42:17', '2019-09-14 23:42:17'),
(97, 27, 'Lourdes Reynolds', 'Fugiat labore omnis quo ea aut occaecati debitis dolor. Adipisci enim esse quasi laborum expedita. Accusamus voluptas ab sunt suscipit quo accusantium. Omnis facere alias sunt molestiae voluptatem.', 3, '2019-09-14 23:42:17', '2019-09-14 23:42:17'),
(98, 8, 'Esther Kemmer', 'At molestiae eum quo vel qui. Quis perferendis cumque sequi minus ea. Illo sapiente et eius nulla quia est ab. Excepturi quo facere exercitationem provident aut.', 4, '2019-09-14 23:42:17', '2019-09-14 23:42:17'),
(99, 36, 'Giovanny Wuckert', 'Temporibus laborum rerum quia nam sapiente. Accusantium et sint iste facilis culpa necessitatibus quia. Veritatis aut quam veritatis sed velit asperiores.', 0, '2019-09-14 23:42:17', '2019-09-14 23:42:17'),
(100, 9, 'Peyton Trantow', 'Quo explicabo dolor est laboriosam et. Recusandae ipsum quidem exercitationem sint ipsum maxime. Nihil nobis assumenda aut quasi ipsa fugit maxime provident. Consequatur itaque commodi eligendi facilis qui aut soluta iste.', 1, '2019-09-14 23:42:17', '2019-09-14 23:42:17'),
(101, 14, 'Lizzie Stokes V', 'Neque iusto beatae distinctio labore voluptatem voluptas. Voluptates ex illo doloremque ratione molestiae eius error. Culpa repellendus qui maiores ut quia nam odit.', 0, '2019-09-14 23:42:17', '2019-09-14 23:42:17'),
(102, 5, 'Prof. Dillon Weimann', 'Numquam harum itaque fugit eos dolore. Dolorem quo nihil odio. Dolore aperiam natus voluptas quod. Sed quasi pariatur ut ea assumenda enim.', 4, '2019-09-14 23:42:17', '2019-09-14 23:42:17'),
(103, 3, 'Ida Balistreri', 'Quia quia voluptas dolorem cum suscipit aspernatur commodi. Cum assumenda doloribus laudantium debitis eum ratione. Non veritatis quae inventore ut.', 5, '2019-09-14 23:42:17', '2019-09-14 23:42:17'),
(104, 15, 'Dr. Mack Heaney', 'Quaerat ut non minus fugit. Perferendis saepe et voluptatem autem est dicta modi. Numquam molestiae voluptatibus in a dignissimos nulla quae. Voluptatibus modi aut officia aut.', 5, '2019-09-14 23:42:17', '2019-09-14 23:42:17'),
(105, 33, 'Ms. Queen Predovic II', 'Id ea aut architecto voluptatum quam recusandae. Culpa velit quae blanditiis.', 4, '2019-09-14 23:42:17', '2019-09-14 23:42:17'),
(106, 28, 'Dr. Lelia Skiles', 'Tempora voluptas consequatur vel ipsum ipsum. Vel ut quasi dolor sed est sed inventore. Sed nihil aliquam sunt est quaerat nisi incidunt. Dignissimos cumque voluptatem beatae vitae facere.', 4, '2019-09-14 23:42:17', '2019-09-14 23:42:17'),
(107, 46, 'Ruth Goodwin', 'Earum officia illo qui voluptates illum voluptatibus. Autem et inventore occaecati et laboriosam.', 4, '2019-09-14 23:42:17', '2019-09-14 23:42:17'),
(108, 44, 'Torrance Kilback', 'Rerum ea porro temporibus. Dolorem amet pariatur et sit. Et et et expedita ab provident libero aut.', 2, '2019-09-14 23:42:17', '2019-09-14 23:42:17'),
(109, 12, 'Marianne Crooks Sr.', 'Dolorum et enim quaerat nemo voluptas. Possimus sed consectetur neque qui. Quia rerum aut mollitia et quia accusamus magni. Perferendis molestiae aut eius eius.', 5, '2019-09-14 23:42:17', '2019-09-14 23:42:17'),
(110, 12, 'Dr. Armani Bosco MD', 'Iure et modi consectetur nemo magni dicta tenetur. Culpa nihil error dolores neque officia sunt nobis. Cum sed ut odio voluptas omnis expedita rerum.', 2, '2019-09-14 23:42:17', '2019-09-14 23:42:17'),
(111, 43, 'Ms. Amelie Donnelly', 'Eum voluptatem non minima nisi quia ducimus laudantium est. Hic voluptas placeat in error voluptate. Labore et facere minus. Eligendi laudantium reiciendis non distinctio non nihil.', 2, '2019-09-14 23:42:17', '2019-09-14 23:42:17'),
(112, 34, 'April Mante', 'Consectetur omnis animi atque ut rerum aut consequatur et. Expedita distinctio magnam deserunt blanditiis voluptatem id voluptas. Et sit quidem nihil magnam ut ullam molestias. Aliquid sed provident provident nam quia architecto iste. Eum quod et voluptas non laborum.', 4, '2019-09-14 23:42:17', '2019-09-14 23:42:17'),
(113, 6, 'Mr. Enrique Ankunding', 'Ipsam nostrum tempore commodi ullam. Et placeat dolorem sint modi magnam qui necessitatibus. Quia tempore quos ipsa quia officia molestiae distinctio. Voluptatum eos enim unde ratione consectetur ullam.', 0, '2019-09-14 23:42:17', '2019-09-14 23:42:17'),
(114, 49, 'Alicia Schaden', 'Modi repellendus reiciendis vitae. Ratione perferendis in modi sit. Aut occaecati sint eius optio. Veritatis voluptatem aut inventore voluptatem sed recusandae magni.', 5, '2019-09-14 23:42:17', '2019-09-14 23:42:17'),
(115, 12, 'Dr. Jasen Ward PhD', 'Et ipsum nemo culpa rerum ex voluptatum. Quos et laborum ut esse doloremque exercitationem. Beatae aut consequatur deleniti commodi. Unde nesciunt cupiditate ullam ullam est eligendi. Ut autem nihil et totam aspernatur.', 4, '2019-09-14 23:42:17', '2019-09-14 23:42:17'),
(116, 32, 'Pearl Lehner', 'Quidem velit laboriosam maiores sit ut. Debitis consectetur non expedita quisquam possimus rerum ipsum. Est nulla maxime hic non exercitationem dolores aperiam id.', 2, '2019-09-14 23:42:17', '2019-09-14 23:42:17'),
(117, 3, 'Jane Hyatt', 'Aut similique et sed aut porro. Placeat vitae asperiores molestiae qui. Tempore quae quia iste debitis nesciunt maiores aliquid. Aliquid unde dolorem placeat maxime nulla vel quam aut.', 4, '2019-09-14 23:42:17', '2019-09-14 23:42:17'),
(118, 1, 'Prof. Americo Sporer Jr.', 'Dolor et et adipisci nostrum occaecati blanditiis repellendus. Aliquid est omnis adipisci dicta doloremque harum odit accusamus. Quas ut voluptatem eum id quia voluptate.', 5, '2019-09-14 23:42:17', '2019-09-14 23:42:17'),
(119, 29, 'Prof. Lamont Huels I', 'Dicta molestias animi sed eius odio. Quis eius quis dolor aut. Itaque excepturi sapiente aliquid.', 2, '2019-09-14 23:42:17', '2019-09-14 23:42:17'),
(120, 27, 'Tierra Wilkinson', 'Dolores earum repellendus quaerat magnam nobis rerum. Quidem eos consequatur et enim dicta. Et eum qui beatae aliquam rerum. Quam sit incidunt accusamus sunt sapiente rem aperiam.', 4, '2019-09-14 23:42:17', '2019-09-14 23:42:17'),
(121, 24, 'Prof. Jennyfer Borer IV', 'Voluptas omnis adipisci iusto ut possimus exercitationem. Sapiente possimus facere qui doloremque quasi eum.', 0, '2019-09-14 23:42:17', '2019-09-14 23:42:17'),
(122, 15, 'Adell Harris', 'Voluptas quas ut quia incidunt facere officia minus. Modi quae ea beatae est quibusdam alias enim. Quisquam sit rem quisquam tenetur. Aspernatur eos eius quisquam sed iure explicabo.', 2, '2019-09-14 23:42:17', '2019-09-14 23:42:17'),
(123, 49, 'Sarina Satterfield', 'Dolores eaque ad veniam ipsum ea dolor et qui. Temporibus reiciendis magni eum nemo. Et ea rerum et natus aut.', 3, '2019-09-14 23:42:17', '2019-09-14 23:42:17'),
(124, 41, 'Merlin Cremin', 'Ipsam sint harum est quia et. Vel assumenda aperiam ut. Porro pariatur voluptatum corporis tenetur. Ad possimus veniam animi non.', 2, '2019-09-14 23:42:17', '2019-09-14 23:42:17'),
(125, 5, 'Cassie Rippin III', 'Dolores doloribus et quos officiis est corrupti. Inventore quae est non occaecati. Sit enim libero sed nemo iste quia.', 3, '2019-09-14 23:42:17', '2019-09-14 23:42:17'),
(126, 46, 'Dr. Freida Stark Sr.', 'Velit incidunt ut asperiores recusandae est praesentium. Voluptas autem est aut magni. Magni neque sed qui sed natus quia dicta. Itaque similique consequatur dolores soluta. Sed optio sint quia rerum.', 4, '2019-09-14 23:42:18', '2019-09-14 23:42:18'),
(127, 9, 'Prof. Daphne Littel DVM', 'Sit natus impedit quod esse. Debitis quis et qui molestiae doloremque voluptas quisquam amet. Assumenda doloremque quia adipisci ut quisquam odit harum. Qui et corporis cupiditate sit doloribus aliquid molestias. Excepturi quis omnis voluptas est nobis explicabo dolorem.', 2, '2019-09-14 23:42:18', '2019-09-14 23:42:18'),
(128, 19, 'Ollie Mueller', 'Reprehenderit minus id quaerat laboriosam distinctio eum. Atque modi voluptatem dolores velit dolor repellat sit culpa. Consequatur alias beatae dolore. Assumenda commodi et vel nostrum aut.', 2, '2019-09-14 23:42:18', '2019-09-14 23:42:18'),
(129, 12, 'Mr. Marley Haag', 'Laboriosam deserunt dolorem excepturi quod alias voluptas ut recusandae. Asperiores praesentium numquam ut velit. Iusto est tempore sequi hic minima soluta. Rerum consequatur ab eaque accusamus qui.', 5, '2019-09-14 23:42:18', '2019-09-14 23:42:18'),
(130, 6, 'Laurie Smitham', 'Reprehenderit qui sequi vero rerum quod delectus est. Laboriosam laboriosam non quia sint rem sint. Fugit ut adipisci cumque repudiandae tempore dolorum dolores.', 0, '2019-09-14 23:42:18', '2019-09-14 23:42:18'),
(131, 20, 'Deondre Gleason', 'Illo quasi beatae quia adipisci maiores ut. Hic vero saepe hic perspiciatis id consectetur soluta. Molestiae ea sit modi delectus et. Assumenda est totam quam rerum et quos quos. Id repellendus repudiandae doloremque sint.', 0, '2019-09-14 23:42:18', '2019-09-14 23:42:18'),
(132, 19, 'Polly Hammes', 'Voluptas eum distinctio fugiat molestias. Debitis est incidunt voluptatem vero. Ipsa ad debitis quia. Ex et optio quae neque et accusamus placeat.', 2, '2019-09-14 23:42:18', '2019-09-14 23:42:18'),
(133, 6, 'Elliott Crooks', 'Voluptatibus excepturi occaecati qui eos est. Voluptas consequuntur et facere animi perspiciatis. Animi ut cumque possimus natus enim magni quo. Ullam debitis id accusamus deserunt at.', 4, '2019-09-14 23:42:18', '2019-09-14 23:42:18'),
(134, 24, 'Dr. Randal Ledner', 'Sit et occaecati porro sapiente quam voluptas. Sed necessitatibus repellat ut. Sapiente quam neque voluptatem voluptate non tempore laborum illum. Enim ut reprehenderit esse repellendus est explicabo.', 2, '2019-09-14 23:42:18', '2019-09-14 23:42:18'),
(135, 14, 'Mr. Milo Casper', 'Dolor quisquam repellendus aut atque sint. Et repellendus occaecati culpa tenetur vero. Veniam voluptatum ratione repudiandae aliquam modi.', 0, '2019-09-14 23:42:18', '2019-09-14 23:42:18'),
(136, 48, 'Mr. Hazle Prosacco', 'Numquam dolorum qui repellendus similique. Ea doloremque fuga sed eius vitae ut. Labore minus aut iure quia. Molestiae in sed nemo quis dolorem quia.', 3, '2019-09-14 23:42:18', '2019-09-14 23:42:18'),
(137, 34, 'Prof. Amos Zemlak DVM', 'Dolor aut delectus error dolor et sunt vero eaque. Harum pariatur dicta harum. Modi voluptatem quia aut ea omnis consequuntur ut fugit.', 4, '2019-09-14 23:42:18', '2019-09-14 23:42:18'),
(138, 36, 'Ettie DuBuque', 'Ad consequatur sequi rerum voluptas. Ut sit a repudiandae qui dolor magnam assumenda. Dicta perspiciatis nobis ratione repudiandae odit.', 2, '2019-09-14 23:42:18', '2019-09-14 23:42:18'),
(139, 35, 'Glen Kihn', 'Consectetur corrupti ut numquam incidunt adipisci. Officiis vitae modi fugiat ipsum magnam earum. Porro nemo ipsa optio non aut. Magnam a molestias libero ut sequi.', 2, '2019-09-14 23:42:18', '2019-09-14 23:42:18'),
(140, 11, 'Jocelyn Gottlieb', 'Asperiores id dignissimos consequuntur voluptatum ipsum tempore reprehenderit. Doloribus delectus illo cum architecto incidunt quia. Molestias aut molestiae cumque eum sed fugit.', 0, '2019-09-14 23:42:18', '2019-09-14 23:42:18'),
(141, 31, 'Lawson Swift', 'Dolores aut a nobis quibusdam voluptatum. Sed cum et facere ipsam. Nihil nesciunt impedit commodi facilis et alias tempora.', 5, '2019-09-14 23:42:18', '2019-09-14 23:42:18'),
(142, 36, 'Rupert Herzog', 'Animi dolorum vel nam aut. Quas sint eligendi quidem odit repudiandae magnam. Distinctio voluptatem similique libero. Dolore rerum vitae assumenda et optio aliquid.', 2, '2019-09-14 23:42:18', '2019-09-14 23:42:18'),
(143, 15, 'Dr. Dock Walter', 'Dolorem nesciunt cum voluptatem et. Commodi rerum consequuntur voluptatem perferendis iusto necessitatibus officiis. Qui praesentium dolores placeat autem.', 5, '2019-09-14 23:42:18', '2019-09-14 23:42:18'),
(144, 28, 'Dr. Damion Torp', 'Saepe nihil voluptate expedita sit. Labore iusto et nihil est neque pariatur dolore. Est unde aut ut eum nostrum quis voluptate.', 4, '2019-09-14 23:42:18', '2019-09-14 23:42:18'),
(145, 14, 'Mr. Maverick Eichmann Jr.', 'Omnis nostrum nihil quidem excepturi itaque. Omnis at possimus numquam rerum est cupiditate dolores. Eum est non et. Quos vel voluptatem ea debitis asperiores.', 4, '2019-09-14 23:42:18', '2019-09-14 23:42:18'),
(146, 20, 'Van O\'Conner', 'Dolorum hic quo iste. Atque molestias est ea recusandae excepturi. Similique nemo est deserunt temporibus ea voluptas perferendis. Iure harum officia aut provident. Occaecati occaecati delectus similique sit et.', 1, '2019-09-14 23:42:18', '2019-09-14 23:42:18'),
(147, 22, 'Maria Wisozk V', 'Quis et enim dolorum dolorem quidem eligendi. Accusamus iure nulla eum vel. Quibusdam voluptatem eum qui quae. Aut atque voluptatem in nam corporis. Quisquam sed necessitatibus accusantium esse neque id.', 0, '2019-09-14 23:42:18', '2019-09-14 23:42:18'),
(148, 42, 'Hortense Dibbert PhD', 'Impedit debitis ipsum quo voluptatibus minus quam. Et autem illo sint maiores. Odit doloribus doloremque sapiente dolorem perferendis.', 0, '2019-09-14 23:42:18', '2019-09-14 23:42:18'),
(149, 11, 'Clara Cartwright Sr.', 'Libero aperiam commodi ex corrupti. Voluptates officiis id facere voluptas. Totam corrupti dolor eligendi aut itaque et eveniet. Dicta et veritatis quod.', 2, '2019-09-14 23:42:19', '2019-09-14 23:42:19'),
(150, 7, 'Gina Bergstrom', 'Est libero consequatur et cumque molestias placeat. Est molestiae enim suscipit. Cupiditate omnis tempore iste similique nostrum unde. Laboriosam dolorem doloremque quo quaerat.', 0, '2019-09-14 23:42:19', '2019-09-14 23:42:19'),
(151, 1, 'Dalton Gottlieb', 'Pariatur est perspiciatis sapiente incidunt tempora voluptas omnis distinctio. Dignissimos nam ipsam consequatur totam. Expedita in cupiditate tempora quo aspernatur. Fugit delectus molestiae illum non illo tempora nihil.', 2, '2019-09-14 23:42:19', '2019-09-14 23:42:19'),
(152, 3, 'Jayden D\'Amore', 'Aut accusantium sequi fugiat optio vel sed. Quo saepe velit voluptas. Perspiciatis fugit esse voluptatem et nostrum possimus iusto animi.', 5, '2019-09-14 23:42:19', '2019-09-14 23:42:19'),
(153, 43, 'Maudie Howell', 'Numquam temporibus et adipisci sit temporibus voluptatem. Non dolorem esse est incidunt dolor. Consequuntur nulla ut ut et libero recusandae. Repellat omnis molestiae perferendis illo in.', 2, '2019-09-14 23:42:19', '2019-09-14 23:42:19'),
(154, 23, 'Delmer Purdy', 'Qui iste aut aut. Sapiente dolorem enim et occaecati. Exercitationem nihil incidunt assumenda autem blanditiis. Et molestiae maxime fuga omnis quia earum.', 1, '2019-09-14 23:42:19', '2019-09-14 23:42:19'),
(155, 23, 'Horacio McCullough', 'Neque perspiciatis sed eum alias. Et assumenda ipsum commodi reiciendis. Inventore nemo officia et labore occaecati aut beatae. Facilis non accusamus totam occaecati ut qui modi.', 5, '2019-09-14 23:42:19', '2019-09-14 23:42:19'),
(156, 30, 'Jarret Streich', 'Ullam voluptatibus a iste. Sunt veritatis nihil beatae eveniet quidem dolore. Voluptatem quod deserunt voluptas sint. Voluptatem aut aut corrupti officiis ea qui.', 3, '2019-09-14 23:42:19', '2019-09-14 23:42:19'),
(157, 27, 'Maxie Pfannerstill I', 'Nulla omnis totam nesciunt. Similique minus officia blanditiis impedit minus numquam iure. Saepe eveniet quo aut nihil. Quisquam atque dolore ipsum quo occaecati animi.', 0, '2019-09-14 23:42:19', '2019-09-14 23:42:19'),
(158, 22, 'Halie Bode', 'Et voluptas dolor quis. Minus numquam officiis veritatis iusto modi. Ut veritatis dolor voluptatem.', 3, '2019-09-14 23:42:19', '2019-09-14 23:42:19'),
(159, 3, 'Luis Osinski DDS', 'Laborum ut expedita iusto ratione. A ipsam aliquid fuga voluptatibus sapiente numquam. Est et ea repellendus officiis aut in. Hic ducimus quia non.', 1, '2019-09-14 23:42:19', '2019-09-14 23:42:19'),
(160, 31, 'Christopher Walsh DVM', 'Aut consequatur ipsa suscipit consequuntur odio praesentium necessitatibus dolor. Praesentium ea aut architecto aut molestias. Veritatis eaque ut vero. Quidem non sunt quibusdam.', 0, '2019-09-14 23:42:19', '2019-09-14 23:42:19'),
(161, 49, 'Francis O\'Kon', 'Explicabo molestias aliquid nemo illo porro labore eum. Quasi necessitatibus cumque laboriosam nam asperiores. Quia optio sint ex reiciendis.', 1, '2019-09-14 23:42:19', '2019-09-14 23:42:19'),
(162, 29, 'Silas Schaden', 'Consectetur autem sunt ea quasi amet. Ducimus expedita voluptatem laudantium ad nisi quod quae soluta. Sit omnis reprehenderit placeat in.', 3, '2019-09-14 23:42:19', '2019-09-14 23:42:19'),
(163, 22, 'Kristina Johns', 'Rerum laudantium blanditiis praesentium. Ea voluptatem quos commodi consequatur eligendi modi aperiam ut. Deserunt maxime explicabo necessitatibus beatae in explicabo.', 4, '2019-09-14 23:42:19', '2019-09-14 23:42:19'),
(164, 6, 'Jazlyn Graham', 'Necessitatibus eos necessitatibus neque deserunt cum blanditiis. Quo est vitae et explicabo iusto sunt. Quasi dolor debitis voluptas molestiae. Ut repellendus vero sit quis eius.', 5, '2019-09-14 23:42:19', '2019-09-14 23:42:19'),
(165, 17, 'Ms. Vivienne Bechtelar', 'Voluptatem sint ut autem maiores distinctio minus. Est qui et consequatur numquam magnam qui. Ea est velit nesciunt odio consectetur perspiciatis.', 1, '2019-09-14 23:42:19', '2019-09-14 23:42:19'),
(166, 34, 'Lennie Conroy', 'Ea libero quo aperiam libero accusantium delectus culpa ut. Tempora omnis repudiandae accusamus explicabo. Itaque deserunt pariatur quia et corrupti est enim.', 5, '2019-09-14 23:42:19', '2019-09-14 23:42:19'),
(167, 47, 'Prof. Yasmine Blanda PhD', 'Eligendi est illo qui velit aut qui. Facilis recusandae vitae id amet quidem assumenda corporis. Ea autem repellendus quidem iusto excepturi quia. Laboriosam blanditiis et quam.', 5, '2019-09-14 23:42:19', '2019-09-14 23:42:19'),
(168, 44, 'Dr. Dudley Pagac', 'Aut aut temporibus aut dolor architecto quo. Modi et maxime ut ea ipsum laborum dolor. Ullam illum est enim unde.', 0, '2019-09-14 23:42:19', '2019-09-14 23:42:19'),
(169, 35, 'Mrs. Janiya Bogisich DVM', 'Officiis quibusdam non ut impedit. Cumque cupiditate ut nam assumenda quam consequatur quibusdam. Ut sed qui voluptatem aut non sed hic voluptatem. Est vitae assumenda qui expedita sequi velit.', 2, '2019-09-14 23:42:19', '2019-09-14 23:42:19'),
(170, 50, 'Finn Miller PhD', 'Similique quod perferendis enim dolorum consequatur. Consequuntur ut voluptates delectus dicta officiis. Eos omnis ab aperiam dignissimos at facilis veritatis laboriosam.', 1, '2019-09-14 23:42:20', '2019-09-14 23:42:20'),
(171, 43, 'Mr. Roy Walsh', 'Est a aut eius sit enim sapiente nihil. Reiciendis eius ducimus in possimus nulla iste voluptates.', 4, '2019-09-14 23:42:20', '2019-09-14 23:42:20'),
(172, 1, 'Jay Stanton Jr.', 'Qui eius et et voluptatibus illum sint natus. Quidem eum velit nihil quibusdam eaque impedit aliquam. Perspiciatis dolorem repellat velit in non officiis. Excepturi placeat beatae qui voluptatum quia.', 0, '2019-09-14 23:42:20', '2019-09-14 23:42:20'),
(173, 38, 'Dasia Block DVM', 'Nulla ipsum vel sed et adipisci. Est eius autem delectus omnis perspiciatis aperiam quae. Eligendi quam commodi qui quae velit totam earum id. Et incidunt sint et eligendi exercitationem aliquam.', 0, '2019-09-14 23:42:20', '2019-09-14 23:42:20'),
(174, 20, 'Murray Mertz', 'Tempora facere vel molestiae recusandae quae doloremque. Autem commodi illum consequatur quibusdam iure minus maiores rerum. Aperiam doloribus mollitia delectus qui ratione repellendus est.', 3, '2019-09-14 23:42:20', '2019-09-14 23:42:20'),
(175, 42, 'Mr. Xavier McDermott PhD', 'A autem expedita placeat perspiciatis optio maxime cumque. Culpa iusto optio debitis illo. Id pariatur facilis nobis est perspiciatis modi.', 4, '2019-09-14 23:42:20', '2019-09-14 23:42:20'),
(176, 41, 'Brennan Carter', 'Voluptatum et quaerat non debitis soluta. Qui accusantium nam ut dignissimos temporibus sit molestiae. Quas ipsam et ullam eum dicta quisquam impedit.', 2, '2019-09-14 23:42:20', '2019-09-14 23:42:20'),
(177, 19, 'Blaze Roberts', 'Quia doloribus maxime doloribus in odio accusantium consequatur. Quaerat eligendi qui ipsum voluptatem. Aut soluta aperiam ea eos porro.', 2, '2019-09-14 23:42:20', '2019-09-14 23:42:20'),
(178, 11, 'Kaitlin Prosacco', 'A dolorum eum nihil voluptatibus totam. Voluptatum doloremque alias qui facere.', 3, '2019-09-14 23:42:20', '2019-09-14 23:42:20'),
(179, 38, 'Dr. Emmalee Veum DDS', 'Aperiam eos praesentium consequatur labore est vero. Qui dignissimos dolore necessitatibus ad adipisci. At assumenda reprehenderit omnis dolor minima natus. Omnis consequatur libero magni in ab deleniti consequatur.', 0, '2019-09-14 23:42:20', '2019-09-14 23:42:20'),
(180, 37, 'Miss Leanne Johnson', 'Ea earum doloribus ab sit provident expedita. Esse ratione qui placeat magnam consequatur sit voluptas. Sapiente et quia nam aliquid. Ea debitis non ut velit numquam.', 0, '2019-09-14 23:42:20', '2019-09-14 23:42:20'),
(181, 34, 'Ms. Keara Lemke Jr.', 'Molestiae temporibus officiis rerum nihil doloremque quisquam aspernatur. Et explicabo doloribus quia delectus ab aut dolor rerum. Eum saepe modi dolor ipsam cumque rerum accusamus fuga. Vel iusto modi deleniti aut.', 3, '2019-09-14 23:42:20', '2019-09-14 23:42:20'),
(182, 3, 'Brennon Strosin', 'Quis ut deleniti consequuntur quam nobis totam sit. Officiis quam placeat et id autem. Sunt quis eligendi ipsa.', 3, '2019-09-14 23:42:20', '2019-09-14 23:42:20'),
(183, 48, 'Mr. Melvina Okuneva', 'Vero vel labore qui delectus eum nostrum eum voluptatem. Commodi ut qui modi qui nemo. Eum ut quia quos rem. Vel sit illo molestias eum quam.', 0, '2019-09-14 23:42:20', '2019-09-14 23:42:20'),
(184, 19, 'Wilford Morissette PhD', 'Repellendus placeat reiciendis culpa accusantium molestias qui. Impedit quidem explicabo distinctio libero molestiae voluptatem eius. Suscipit ipsa voluptatem velit nam ex pariatur vero. Et similique deleniti non sit doloribus praesentium.', 2, '2019-09-14 23:42:20', '2019-09-14 23:42:20'),
(185, 24, 'Tatyana Flatley', 'Qui sed quaerat ipsam consequatur illum voluptas nostrum modi. Quaerat et aliquid odit nihil et sed. Est temporibus quam eligendi. Suscipit aut provident quia laboriosam ullam quas.', 3, '2019-09-14 23:42:20', '2019-09-14 23:42:20'),
(186, 10, 'Clotilde Kuphal', 'Commodi rerum aut quisquam odit. Expedita laborum impedit est quidem. Sunt id magni autem consectetur id sunt.', 2, '2019-09-14 23:42:20', '2019-09-14 23:42:20'),
(187, 10, 'Salvador Medhurst', 'Quibusdam dolorem est molestiae. Iste vel aut blanditiis est sunt rerum ut. Nihil reprehenderit architecto nihil magni quia in eos.', 3, '2019-09-14 23:42:20', '2019-09-14 23:42:20'),
(188, 17, 'Idella Thompson', 'Aut dolorem recusandae aspernatur aliquam. Reprehenderit ea nesciunt non laudantium voluptatem aliquid tempore. Enim quod vel et. Enim animi cumque quibusdam dolorem.', 1, '2019-09-14 23:42:20', '2019-09-14 23:42:20'),
(189, 44, 'Prof. Ashly Gerhold II', 'Voluptas neque asperiores consequuntur ipsam soluta. Consectetur sit harum neque exercitationem at totam. Eum quod libero hic sint nihil doloribus. Est consequatur quia consequatur voluptates sit possimus.', 0, '2019-09-14 23:42:20', '2019-09-14 23:42:20'),
(190, 30, 'Dr. Freida Walker MD', 'Sed eligendi natus explicabo eos architecto expedita. Sit fugit delectus itaque asperiores. Non atque at et perferendis illum.', 2, '2019-09-14 23:42:20', '2019-09-14 23:42:20'),
(191, 50, 'Owen Raynor', 'Ut inventore officiis temporibus consectetur quia eius. Consequatur impedit et dolorem libero reprehenderit qui expedita. Quisquam exercitationem corporis delectus veritatis ad.', 3, '2019-09-14 23:42:20', '2019-09-14 23:42:20'),
(192, 27, 'Stanley Effertz IV', 'Quam ab minima est accusantium cupiditate voluptate. Non fuga vero vero quasi quo. Quis saepe aut necessitatibus dicta ad nostrum et dolor. Ipsam quos qui voluptates.', 3, '2019-09-14 23:42:20', '2019-09-14 23:42:20'),
(193, 12, 'Conner Cummings', 'Nemo id et recusandae aut. Tenetur illum iusto magni voluptatem ullam aspernatur rem. Ducimus illo doloribus reprehenderit sint odit.', 4, '2019-09-14 23:42:20', '2019-09-14 23:42:20'),
(194, 34, 'Cedrick Bednar', 'Reiciendis exercitationem qui accusamus maiores. Ut in placeat perferendis ipsa vel. Sequi aut sit tenetur neque voluptas inventore. Nihil ut cupiditate quia eius architecto doloribus id et.', 3, '2019-09-14 23:42:20', '2019-09-14 23:42:20'),
(195, 28, 'Markus Gutmann DDS', 'Id ut et dolorem voluptatem minima eaque aut nisi. Ab eaque ut fuga. Accusamus harum dignissimos at rerum voluptatibus distinctio. Minima asperiores veniam cupiditate mollitia.', 5, '2019-09-14 23:42:20', '2019-09-14 23:42:20'),
(196, 5, 'Dr. Shaun Wisozk', 'Modi aut dolorum cum. Aperiam omnis quia nulla nihil modi eos. Laborum et dolores consequatur voluptatem.', 3, '2019-09-14 23:42:20', '2019-09-14 23:42:20'),
(197, 25, 'Christop Bednar', 'Vel qui aut ipsum porro voluptas et repellat. Doloremque suscipit enim molestiae ut in dolores. Quibusdam modi est minus.', 1, '2019-09-14 23:42:20', '2019-09-14 23:42:20'),
(198, 33, 'Dr. Hardy Ullrich', 'Id et odit vitae est libero optio voluptatem. Incidunt laboriosam cumque a aperiam. Distinctio sunt delectus aut ea libero consequatur iusto. Deleniti qui molestiae in autem.', 1, '2019-09-14 23:42:20', '2019-09-14 23:42:20'),
(199, 35, 'Dr. Melba Krajcik', 'Veritatis nesciunt nostrum alias libero maxime numquam. Natus aliquam atque repellendus qui. Natus temporibus aut veritatis eveniet et. Est voluptas magni molestiae dolore itaque.', 2, '2019-09-14 23:42:21', '2019-09-14 23:42:21'),
(200, 10, 'Prof. Hudson McCullough', 'Fugiat dolorum qui molestias earum facilis. Rerum dolor et deleniti molestias.', 2, '2019-09-14 23:42:21', '2019-09-14 23:42:21'),
(201, 28, 'Ms. Albertha Lehner', 'Eum mollitia voluptas exercitationem iure velit. Repellat perspiciatis quibusdam dolorem amet ut excepturi aperiam.', 4, '2019-09-14 23:42:21', '2019-09-14 23:42:21'),
(202, 26, 'Mr. Leopold Waelchi', 'Rem ratione aut omnis quidem quam nemo numquam. Doloribus sequi eum consequatur veniam ab. Quae voluptates esse quaerat voluptas possimus minus.', 0, '2019-09-14 23:42:21', '2019-09-14 23:42:21'),
(203, 23, 'Peter Gusikowski', 'Ut nobis est pariatur quisquam eos quaerat. Id et ut voluptatem voluptatem corporis nulla magni. Deserunt voluptatibus saepe perspiciatis recusandae ut.', 5, '2019-09-14 23:42:21', '2019-09-14 23:42:21'),
(204, 46, 'Alta Torp', 'Consequatur eum iusto error repellat perferendis. Perspiciatis ullam autem odit at enim. Est necessitatibus perferendis dignissimos rerum quo rerum autem et.', 3, '2019-09-14 23:42:21', '2019-09-14 23:42:21'),
(205, 47, 'Miss Jolie Sporer', 'Reiciendis a praesentium doloribus accusantium rerum. Voluptate est numquam totam qui nesciunt nostrum neque. Ut maiores est non et voluptatem soluta.', 4, '2019-09-14 23:42:21', '2019-09-14 23:42:21'),
(206, 7, 'May Kuhic', 'Similique quia eos repellendus tempore possimus. Et et sequi autem molestiae fugit consequatur.', 2, '2019-09-14 23:42:21', '2019-09-14 23:42:21'),
(207, 37, 'Dr. Kirk Moen Jr.', 'Hic dolore est quae ad temporibus vitae quis. Non et maiores soluta alias optio. Numquam quos voluptatem distinctio vitae enim doloremque sed.', 1, '2019-09-14 23:42:21', '2019-09-14 23:42:21'),
(208, 46, 'Jayson Nicolas', 'Velit explicabo tempore est esse similique enim. Tempora facere nihil consequatur doloribus eos sunt. Qui et eum voluptatem praesentium eius. Corporis in sequi placeat beatae consequatur rem velit.', 4, '2019-09-14 23:42:21', '2019-09-14 23:42:21'),
(209, 26, 'Nat Moore', 'Et doloribus iste itaque in nobis quaerat. Neque ut est voluptas consequatur velit ut. Aperiam sit officiis ut vel pariatur. Ut cum consequatur et cumque sed quos.', 3, '2019-09-14 23:42:21', '2019-09-14 23:42:21'),
(210, 15, 'Dr. Rocio Christiansen I', 'Ex voluptates eum qui harum debitis. Impedit harum magni ad aut aut. Ab ratione similique hic et maxime reprehenderit velit quis.', 4, '2019-09-14 23:42:21', '2019-09-14 23:42:21'),
(211, 29, 'Marquis Flatley PhD', 'Rerum dolorum velit harum illo tempora magni numquam et. Reiciendis atque quos maxime architecto mollitia aliquam magnam. Ut minima asperiores et nobis quibusdam maxime mollitia.', 4, '2019-09-14 23:42:21', '2019-09-14 23:42:21');
INSERT INTO `reviews` (`id`, `product_id`, `customer`, `review`, `star`, `created_at`, `updated_at`) VALUES
(212, 43, 'Fritz Thiel', 'Aut ipsa accusantium quidem quos. Animi voluptatum sit ea et occaecati. Doloribus quos dicta rem ea occaecati blanditiis voluptates. Nostrum maiores omnis minima ratione assumenda maxime. Cum necessitatibus eligendi est ipsa omnis.', 1, '2019-09-14 23:42:21', '2019-09-14 23:42:21'),
(213, 4, 'Jakob Gleason V', 'Ut vitae cupiditate sed. Cum animi animi et quia ratione omnis sunt. Similique enim voluptatem delectus qui ut atque. Pariatur nihil qui voluptas.', 5, '2019-09-14 23:42:21', '2019-09-14 23:42:21'),
(214, 12, 'Mr. Robbie Stroman DDS', 'Voluptatibus nihil a libero iusto odio. Omnis omnis et molestiae eaque neque aut. Ut quos hic earum illo tempore. Voluptates nam velit non sequi.', 5, '2019-09-14 23:42:21', '2019-09-14 23:42:21'),
(215, 43, 'Lola Schaden', 'Veniam voluptatem qui corporis. Debitis doloremque sunt blanditiis deleniti. Cupiditate fuga non odio fuga a officiis nam sed. Quas vel reprehenderit repellendus ipsa maxime iusto et sunt.', 4, '2019-09-14 23:42:21', '2019-09-14 23:42:21'),
(216, 47, 'Vinnie Dach', 'Est porro saepe exercitationem cum dignissimos sequi. Esse deleniti accusantium dolorem qui nihil eos. Facilis magni quis et excepturi.', 2, '2019-09-14 23:42:21', '2019-09-14 23:42:21'),
(217, 22, 'Felicity Muller', 'Possimus inventore vel voluptate accusantium. Totam est occaecati id sit accusamus. Saepe debitis harum expedita dolorem ex aut sunt. Pariatur perferendis mollitia quisquam totam sequi. Quo quisquam et cupiditate quas eum.', 4, '2019-09-14 23:42:21', '2019-09-14 23:42:21'),
(218, 13, 'Clara Conroy I', 'Sit quas facere possimus quia magnam. Illo dignissimos nulla itaque impedit est doloremque. Illo aliquam fuga dolorem et repellendus aperiam quos dolorem. Et aut qui aut.', 2, '2019-09-14 23:42:21', '2019-09-14 23:42:21'),
(219, 22, 'Isac Donnelly', 'Itaque recusandae aut omnis tempore dolores porro placeat. Sed ut ea officiis nobis eos in. Repellat doloribus assumenda at repellendus optio dolorum.', 1, '2019-09-14 23:42:21', '2019-09-14 23:42:21'),
(220, 6, 'Abigale Bartoletti IV', 'Officia et maiores voluptatem voluptatem alias quisquam doloribus necessitatibus. Eaque aspernatur voluptatibus eos quaerat ipsa ipsum. Ratione et magni quisquam quos dolor. Velit magni aliquam accusantium dolores quae ipsum.', 5, '2019-09-14 23:42:21', '2019-09-14 23:42:21'),
(221, 49, 'Mr. Woodrow Sipes I', 'Rem nostrum ipsam ut voluptas unde dolores fugit. Laboriosam tenetur rerum exercitationem magnam animi laboriosam sit. Sapiente explicabo minus repudiandae qui et distinctio.', 4, '2019-09-14 23:42:21', '2019-09-14 23:42:21'),
(222, 13, 'Prof. Chadd Marquardt MD', 'Et laudantium aut vel rerum. Et corrupti eaque amet animi suscipit perspiciatis magni iusto. Cupiditate laudantium aut dolor ut et est accusantium. Doloremque mollitia praesentium sed voluptatum.', 2, '2019-09-14 23:42:21', '2019-09-14 23:42:21'),
(223, 6, 'Ignacio Huels', 'Deserunt veniam aut et rerum autem quae animi. Voluptatibus eum voluptas aut labore qui omnis. Voluptatibus eum doloribus vel aut.', 0, '2019-09-14 23:42:21', '2019-09-14 23:42:21'),
(224, 34, 'Birdie McClure', 'Necessitatibus architecto beatae quia repellat sit fuga. Qui impedit perspiciatis et modi et nostrum enim. Sint animi aliquid libero voluptatem ut consequatur fugiat suscipit. Voluptate soluta enim veniam adipisci animi.', 3, '2019-09-14 23:42:21', '2019-09-14 23:42:21'),
(225, 36, 'Warren Stehr', 'Minus eum rerum doloremque sunt totam sed est odio. Ipsum qui perspiciatis fugiat rerum veritatis magni sapiente. Suscipit similique repudiandae distinctio impedit temporibus omnis. Est quis temporibus rem ducimus ut voluptatem.', 3, '2019-09-14 23:42:21', '2019-09-14 23:42:21'),
(226, 27, 'Nedra Pollich', 'Dolorem consequatur vitae aliquam qui magni. Est mollitia recusandae excepturi dignissimos sunt aut. Temporibus consequatur velit est dicta.', 5, '2019-09-14 23:42:21', '2019-09-14 23:42:21'),
(227, 39, 'Ora Fritsch III', 'Aut id quos eum cupiditate. Placeat aut odit quasi. Fugiat explicabo numquam facere et aliquid voluptatibus. Animi explicabo autem placeat possimus. Iusto animi laborum et.', 3, '2019-09-14 23:42:21', '2019-09-14 23:42:21'),
(228, 17, 'Dr. Ricardo Haag DDS', 'Mollitia non et molestiae vitae qui ratione ab alias. Est qui facere et laudantium culpa est. Perspiciatis nobis est doloribus.', 0, '2019-09-14 23:42:21', '2019-09-14 23:42:21'),
(229, 46, 'Dr. Alfreda Kuphal', 'Quia cumque alias velit quod accusamus. Soluta doloribus explicabo est aliquid exercitationem quaerat esse. Quam et in optio harum ea cupiditate non. Autem libero quisquam at omnis blanditiis architecto.', 3, '2019-09-14 23:42:21', '2019-09-14 23:42:21'),
(230, 24, 'Asa Stokes', 'Numquam nihil tempora vitae qui molestiae ut voluptates eligendi. Quo nam commodi atque rerum odio ut autem consectetur. Voluptates consequatur ad sint autem non.', 3, '2019-09-14 23:42:22', '2019-09-14 23:42:22'),
(231, 24, 'Miss Ernestine Witting', 'Quia fuga sed voluptas sapiente et veniam quam. In est suscipit dolor et.', 1, '2019-09-14 23:42:22', '2019-09-14 23:42:22'),
(232, 24, 'Dedrick Cruickshank', 'Eum est dolorem molestiae suscipit. Quos ipsam quia perspiciatis ratione rerum veritatis. Minima odit porro et in iusto. Culpa maiores quam doloremque qui.', 1, '2019-09-14 23:42:22', '2019-09-14 23:42:22'),
(233, 13, 'Mr. Rodolfo Daniel', 'Voluptatem et debitis quo. Numquam et corporis impedit consequuntur ex est.', 4, '2019-09-14 23:42:22', '2019-09-14 23:42:22'),
(234, 24, 'Elna Harris', 'Ea laboriosam aperiam quia ratione expedita quia. Rerum ullam sapiente dolorem.', 5, '2019-09-14 23:42:22', '2019-09-14 23:42:22'),
(235, 42, 'Mrs. Abbigail Ortiz IV', 'Veniam eveniet deserunt esse maiores. Minus optio blanditiis in voluptatem officia quisquam ea. Voluptatem quasi perspiciatis totam numquam. Dolores quo minima possimus commodi.', 1, '2019-09-14 23:42:22', '2019-09-14 23:42:22'),
(236, 34, 'Ms. Kiarra Hayes', 'Nihil nesciunt recusandae ab est officiis dignissimos similique. Suscipit et error ut reprehenderit dolorum. Dolor asperiores ut ut in quisquam consequatur vel.', 3, '2019-09-14 23:42:22', '2019-09-14 23:42:22'),
(237, 2, 'Jo Strosin MD', 'Assumenda libero dolor voluptatibus voluptas aliquam qui ut. Similique provident hic et officiis nisi. Aliquam commodi nam distinctio suscipit est et veritatis. Et beatae quo dolorum dolor.', 3, '2019-09-14 23:42:22', '2019-09-14 23:42:22'),
(238, 19, 'Pasquale Kulas', 'Aut repellat ut possimus magnam nulla possimus sint. Qui quos consectetur nisi et et. Quia atque ad vitae qui corporis ut vel ut. Molestias quae molestiae ut sed. Aut dolor ut non placeat nihil sit.', 2, '2019-09-14 23:42:22', '2019-09-14 23:42:22'),
(239, 39, 'Margarita Dibbert', 'Blanditiis enim facere libero non ea est. Consequatur et qui necessitatibus. Vero vero et laborum ullam.', 2, '2019-09-14 23:42:22', '2019-09-14 23:42:22'),
(240, 8, 'Mr. Marcos Lubowitz PhD', 'Id veritatis consequatur omnis dolorem sed non accusantium aut. At consequuntur sint repellendus assumenda est expedita ut. Nemo nihil a qui.', 0, '2019-09-14 23:42:22', '2019-09-14 23:42:22'),
(241, 5, 'Coy Collins', 'Dolore sunt et totam a maxime. Mollitia laudantium vitae veritatis iure nisi. Dolorem cumque magnam quia nobis.', 3, '2019-09-14 23:42:22', '2019-09-14 23:42:22'),
(242, 22, 'Bernadette Schumm Jr.', 'Nobis occaecati dolorem esse consectetur itaque consequatur. Quia doloribus similique reiciendis non. Totam vitae eum modi numquam consequatur consequatur dolorum. In totam saepe nisi non laboriosam.', 5, '2019-09-14 23:42:22', '2019-09-14 23:42:22'),
(243, 31, 'Flavio Mraz', 'Minima et sit blanditiis fuga animi nemo. Sequi amet repellat maiores id est quis numquam. Voluptatem ipsam officia neque corporis et qui nobis. Facere incidunt quia sit quo.', 5, '2019-09-14 23:42:22', '2019-09-14 23:42:22'),
(244, 43, 'Ansley Harris', 'Qui est sed incidunt rerum voluptatum ipsum tempora. Eum delectus deleniti maiores veritatis tempora dolorum non. Delectus inventore sit quis. Officia porro fuga autem.', 4, '2019-09-14 23:42:22', '2019-09-14 23:42:22'),
(245, 1, 'Maegan Huel', 'Doloribus ducimus non dolorum excepturi tempore. Eaque autem laboriosam sit qui. Tempora aut ad reprehenderit quis. Natus praesentium ut qui est quas est praesentium.', 0, '2019-09-14 23:42:22', '2019-09-14 23:42:22'),
(246, 40, 'Horacio Ebert', 'Ut blanditiis nihil voluptatibus. Rem perferendis vel incidunt repudiandae. Maiores quod repellat quia qui ea odit.', 0, '2019-09-14 23:42:22', '2019-09-14 23:42:22'),
(247, 13, 'Liliane Frami II', 'Voluptatem dolor sint dolorem fuga nesciunt. Amet est suscipit et qui sit qui nemo. Exercitationem voluptatem soluta iste. Et non cum dignissimos dolores dolorem odio voluptatem.', 4, '2019-09-14 23:42:22', '2019-09-14 23:42:22'),
(248, 44, 'Dorothy King', 'Impedit dicta ab ut atque. Commodi sint inventore expedita repellat ut adipisci quos autem. Aut magni dicta nihil. Amet repellat voluptatem voluptates velit dolores non rerum.', 5, '2019-09-14 23:42:22', '2019-09-14 23:42:22'),
(249, 6, 'Dr. Tyson Russel V', 'Ab possimus velit pariatur fugiat inventore. Placeat id officia autem ut autem ea. Illo quod suscipit non reprehenderit vitae saepe labore. Tenetur accusantium autem autem aut dolore voluptatum quo.', 3, '2019-09-14 23:42:22', '2019-09-14 23:42:22'),
(250, 34, 'Prof. Gillian Torphy DVM', 'Esse possimus et modi consequatur dicta. Dolorem consequuntur dolorem eaque nihil illo rerum. Inventore culpa sed possimus aut. Facilis maiores explicabo nemo. Amet vel repellendus in ipsam.', 1, '2019-09-14 23:42:22', '2019-09-14 23:42:22'),
(251, 7, 'Prof. Nicholas Terry', 'Omnis consequatur in velit unde. Ea impedit voluptatem saepe beatae quisquam itaque. Aut ipsum dolorem repellendus laudantium voluptates eligendi aut.', 5, '2019-09-14 23:42:22', '2019-09-14 23:42:22'),
(252, 13, 'Elaina Lindgren', 'Laudantium veritatis quasi sed incidunt. Nobis laboriosam inventore tempore rerum veritatis corporis. Asperiores nemo id rerum rerum iure minus.', 2, '2019-09-14 23:42:22', '2019-09-14 23:42:22'),
(253, 5, 'Santina Prosacco DDS', 'Voluptatem fugiat iure voluptatem molestiae omnis. Harum quisquam alias id impedit nisi cumque itaque consequuntur.', 4, '2019-09-14 23:42:22', '2019-09-14 23:42:22'),
(254, 17, 'Maude Feil MD', 'Modi placeat optio occaecati nulla voluptatibus ad dolor. Id dolor quasi dolor. Ut explicabo perferendis soluta quam excepturi quaerat quaerat.', 4, '2019-09-14 23:42:22', '2019-09-14 23:42:22'),
(255, 16, 'Rory Hartmann', 'Molestiae eaque voluptates autem dicta aut vel sed eaque. Odit quasi neque minima eius. Natus nulla corrupti amet id ex non nemo minus. Rerum vel maiores et iure sint laudantium.', 4, '2019-09-14 23:42:22', '2019-09-14 23:42:22'),
(256, 24, 'Bernie Cassin', 'Qui magni dolores aut eos vitae quia quia. Hic ut ut praesentium numquam aut voluptatem. Assumenda quos sit rerum maxime.', 2, '2019-09-14 23:42:22', '2019-09-14 23:42:22'),
(257, 37, 'Ms. Veda Dare DDS', 'Exercitationem et laboriosam amet qui at. Hic in earum autem aliquam fugit et. Ut eveniet itaque necessitatibus sapiente. Quidem quo quasi sapiente id aliquid. Et eum totam perferendis dolorem ut.', 0, '2019-09-14 23:42:22', '2019-09-14 23:42:22'),
(258, 8, 'Mrs. Brenna Osinski I', 'Facere maiores dolores officiis et. Est aut fuga odio iste aliquam harum soluta. Sit quas amet exercitationem explicabo. Dolor facilis dolores nostrum sint.', 3, '2019-09-14 23:42:22', '2019-09-14 23:42:22'),
(259, 10, 'Carmella Russel', 'Commodi omnis veritatis ratione quia est. Omnis quis rerum dolorum cupiditate ea. Maxime corporis molestiae dolore eveniet vitae.', 0, '2019-09-14 23:42:22', '2019-09-14 23:42:22'),
(260, 10, 'Mr. Hassan Kunze', 'Ullam architecto voluptatem qui qui. Et omnis mollitia saepe ut enim illo a. Illum omnis perspiciatis omnis vitae a. Sint ipsum rerum dolorum rerum inventore.', 2, '2019-09-14 23:42:23', '2019-09-14 23:42:23'),
(261, 20, 'Henry West', 'Repellendus aliquid aut perspiciatis praesentium ea ipsam. Repellat labore est officiis sequi reprehenderit accusamus.', 3, '2019-09-14 23:42:23', '2019-09-14 23:42:23'),
(262, 49, 'Teagan Graham', 'Impedit est incidunt vel eligendi maxime reiciendis laborum maxime. Eum eos qui aliquam quia ipsam optio. Voluptatem tenetur qui cum non.', 5, '2019-09-14 23:42:23', '2019-09-14 23:42:23'),
(263, 26, 'Dr. Jaunita Howe', 'Corrupti sint soluta nemo alias omnis fugiat dolorem. Voluptas quibusdam saepe eaque repellat.', 0, '2019-09-14 23:42:23', '2019-09-14 23:42:23'),
(264, 45, 'Miss Willa Grant Jr.', 'Enim error nemo repudiandae nemo illum nulla asperiores. Nihil voluptate aut velit et repellendus et nihil. Et molestiae ab ut. Quas ipsam ut ea inventore distinctio ea.', 1, '2019-09-14 23:42:23', '2019-09-14 23:42:23'),
(265, 3, 'Kaela Wiegand', 'Autem occaecati soluta quaerat eligendi deserunt eos dolor. Beatae asperiores inventore autem unde. Et dolor qui occaecati vel laudantium.', 1, '2019-09-14 23:42:23', '2019-09-14 23:42:23'),
(266, 27, 'Carroll Marvin', 'Quam doloribus aperiam et ipsam. Incidunt cum eum nihil doloribus quia explicabo soluta. Et placeat adipisci et est enim beatae sed ipsum. Voluptatem sed amet id maiores voluptatem.', 2, '2019-09-14 23:42:23', '2019-09-14 23:42:23'),
(267, 33, 'Chaim Christiansen', 'Amet labore nesciunt reprehenderit non impedit omnis. Iure ipsam sunt id cupiditate. Tempora vitae est esse molestias repudiandae assumenda expedita.', 4, '2019-09-14 23:42:23', '2019-09-14 23:42:23'),
(268, 33, 'Dr. Loren Denesik Sr.', 'Consequatur voluptas sunt aliquid qui. Ut aut consectetur excepturi dolores ipsa vel. Eius quam tenetur corporis nihil temporibus. Dignissimos quod consequatur quas dolores sit.', 4, '2019-09-14 23:42:23', '2019-09-14 23:42:23'),
(269, 28, 'Blaise Jenkins', 'Delectus est laborum officiis officia. Id ducimus nisi quibusdam exercitationem explicabo libero et numquam. Dolore aut omnis est sit illum magni qui sint. Eaque hic et quos tempore.', 3, '2019-09-14 23:42:23', '2019-09-14 23:42:23'),
(270, 42, 'Hope Bernhard', 'Aut quidem illo qui eligendi. Nemo laboriosam est ab ut. Quia reprehenderit nam ducimus voluptatibus quasi et. Aperiam accusantium qui doloribus dolores itaque vitae.', 2, '2019-09-14 23:42:23', '2019-09-14 23:42:23'),
(271, 8, 'Chaim Beatty', 'Adipisci sunt tenetur quia voluptates voluptas est sint. Error delectus saepe neque ut voluptatem odit. Amet vel esse blanditiis occaecati et illum.', 1, '2019-09-14 23:42:23', '2019-09-14 23:42:23'),
(272, 26, 'Marisa Bahringer', 'Assumenda et quo atque sed est. Sint delectus non dignissimos. Atque blanditiis eos incidunt recusandae amet aliquam tenetur enim. Quia nihil mollitia sapiente non quo.', 5, '2019-09-14 23:42:23', '2019-09-14 23:42:23'),
(273, 44, 'Dr. Orion Simonis MD', 'Pariatur corporis qui consequatur maiores soluta sit laborum aut. Amet est id pariatur rerum quis. Corrupti quod expedita ipsa.', 5, '2019-09-14 23:42:23', '2019-09-14 23:42:23'),
(274, 22, 'Darby Schoen', 'Et eum aliquid optio qui. Occaecati at nihil autem occaecati. Veniam expedita aut et est. Harum ut ut doloremque consequatur iure nesciunt.', 5, '2019-09-14 23:42:23', '2019-09-14 23:42:23'),
(275, 38, 'Lorine Hintz', 'Deserunt eum asperiores vero blanditiis natus est deserunt. Excepturi consequatur quibusdam dolores est explicabo nostrum. Sint velit pariatur sunt nobis et quibusdam. Recusandae dolores voluptatem provident aut fuga.', 4, '2019-09-14 23:42:23', '2019-09-14 23:42:23'),
(276, 36, 'Mrs. Marcelina Crooks II', 'Aspernatur nihil sit ea ut et quia. Omnis aut consequatur fugit est voluptatem adipisci repellendus. Dolorem aut itaque nobis sed dolor sed nulla.', 0, '2019-09-14 23:42:23', '2019-09-14 23:42:23'),
(277, 11, 'Neil Kassulke Jr.', 'Non illo omnis repudiandae occaecati ad. Nesciunt eaque ex sunt vel voluptas sunt. Id ex voluptatem aut earum. Rerum odio nostrum reiciendis quas inventore at.', 1, '2019-09-14 23:42:23', '2019-09-14 23:42:23'),
(278, 47, 'Icie Sauer DVM', 'Voluptas id et dolores et dolores expedita quia nisi. Quas est aut quia fugiat molestiae harum rem. Qui et iste iusto earum illo. Voluptatibus ipsum quod harum minima et ut. Dolor quo similique laudantium nobis.', 1, '2019-09-14 23:42:23', '2019-09-14 23:42:23'),
(279, 33, 'Harley Bechtelar', 'Possimus atque dolor ullam. Est distinctio voluptatem eos quia alias ducimus. Vero voluptates ea ea nam tenetur asperiores fugiat.', 0, '2019-09-14 23:42:23', '2019-09-14 23:42:23'),
(280, 38, 'Katelyn Klein', 'Explicabo eos non repellat quae explicabo nihil aut. Rerum est voluptas sit perspiciatis veniam. Placeat maiores nam corporis vel iusto. Aut nulla quo excepturi eaque.', 2, '2019-09-14 23:42:23', '2019-09-14 23:42:23'),
(281, 11, 'Judge Ondricka', 'Voluptas ut exercitationem in accusamus expedita eveniet quasi. Omnis velit perspiciatis repudiandae ut. Quia accusantium doloremque ducimus aut non sit.', 3, '2019-09-14 23:42:23', '2019-09-14 23:42:23'),
(282, 24, 'Riley Kovacek', 'Eaque quis et aliquam consectetur. Vero nam in aut dolore explicabo quasi. Quos velit explicabo vero provident eos iure.', 1, '2019-09-14 23:42:23', '2019-09-14 23:42:23'),
(283, 21, 'Gail Altenwerth', 'Et ad et dignissimos aut recusandae. Inventore similique molestiae nulla. At nam sed id ad.', 1, '2019-09-14 23:42:23', '2019-09-14 23:42:23'),
(284, 9, 'Dustin Kohler', 'Maiores distinctio cumque beatae molestiae eveniet. Et reprehenderit vitae ipsam ipsam. Quod voluptatum vitae quia doloribus. Molestiae autem officia reiciendis aut ratione libero iusto.', 3, '2019-09-14 23:42:23', '2019-09-14 23:42:23'),
(285, 34, 'Felicia Bogisich', 'Omnis voluptas quos eveniet amet. Porro quis enim dicta esse.', 1, '2019-09-14 23:42:23', '2019-09-14 23:42:23'),
(286, 31, 'Shawna Brekke', 'Minus inventore assumenda cupiditate rerum quia. Dolorum iure et et dignissimos dolores. Aut minima saepe ut eaque itaque consequatur.', 5, '2019-09-14 23:42:23', '2019-09-14 23:42:23'),
(287, 35, 'Janice Lueilwitz', 'Voluptatem sunt animi minima provident esse. Debitis quo doloribus dolorem quisquam deserunt natus quae et. Dolor numquam ad qui sapiente ratione. Voluptas temporibus aut sit dolorem sint.', 0, '2019-09-14 23:42:23', '2019-09-14 23:42:23'),
(288, 44, 'Tre Donnelly', 'Est veniam temporibus et delectus. Aut asperiores sint rerum sunt sed tenetur. Architecto harum est quaerat laudantium est itaque sed.', 4, '2019-09-14 23:42:23', '2019-09-14 23:42:23'),
(289, 18, 'Theresa Schowalter', 'Optio possimus omnis maxime aspernatur aliquid. At beatae necessitatibus corrupti tenetur odio. Ut in dolorum rerum sit quis non ea illo. Est sit sunt eveniet laudantium a aut natus aliquam.', 3, '2019-09-14 23:42:24', '2019-09-14 23:42:24'),
(290, 38, 'Christelle Hudson', 'Qui deleniti ut omnis et molestiae voluptates et. Deserunt occaecati et est ipsa aut. Voluptatem sit autem mollitia at quo ut rerum qui. Animi optio quibusdam sint vel in consequuntur et.', 4, '2019-09-14 23:42:24', '2019-09-14 23:42:24'),
(291, 34, 'Maverick Kautzer DVM', 'Consequatur voluptate et quia ipsum assumenda deleniti. Pariatur ipsum in repudiandae qui velit. Eveniet officia necessitatibus cum distinctio quibusdam nostrum. Nihil tempora non assumenda eaque.', 2, '2019-09-14 23:42:24', '2019-09-14 23:42:24'),
(292, 19, 'Kendall Corwin IV', 'Exercitationem corrupti expedita ut recusandae. Eum incidunt ab aliquid natus repudiandae. Suscipit aliquid veniam quia voluptas quaerat.', 3, '2019-09-14 23:42:24', '2019-09-14 23:42:24'),
(293, 32, 'Miss Allison Torphy', 'Corporis assumenda ut dolores impedit voluptatem voluptas. Laborum rem error quam saepe aliquam a voluptate. Consequatur consectetur reprehenderit culpa qui.', 3, '2019-09-14 23:42:24', '2019-09-14 23:42:24'),
(294, 8, 'Ewald O\'Conner DDS', 'Aut reiciendis et vel facere cupiditate enim ipsum. Nisi veniam voluptatibus vel fugit culpa. Mollitia esse corrupti consequatur at dolore.', 1, '2019-09-14 23:42:24', '2019-09-14 23:42:24'),
(295, 43, 'Dean Schaden', 'Iste vitae autem ea sit non necessitatibus. Et aperiam sed cupiditate suscipit accusantium aut quia. Veritatis sit at aliquam.', 4, '2019-09-14 23:42:24', '2019-09-14 23:42:24'),
(296, 17, 'Prof. Maxime Hane', 'Cumque et suscipit voluptatem amet. Labore quasi corrupti deserunt illo fuga et aspernatur. Repellendus quia et sunt laudantium.', 3, '2019-09-14 23:42:24', '2019-09-14 23:42:24'),
(297, 47, 'Kristopher Borer', 'Rem repellendus provident soluta excepturi eum hic provident. Qui ut at quas aut dolorem in.', 0, '2019-09-14 23:42:24', '2019-09-14 23:42:24'),
(298, 48, 'Edward O\'Connell Sr.', 'Dolorem autem dolor soluta repudiandae cumque perspiciatis distinctio. Sed sit dolores sit sint aliquam est odio. Et ut ducimus illo non accusamus.', 0, '2019-09-14 23:42:24', '2019-09-14 23:42:24'),
(299, 6, 'Prof. Shanie Waters', 'Est sed accusamus quidem consequatur est. Omnis ad a corporis illum consequatur. Aut corrupti iusto ex repellat. Enim quaerat soluta sunt ratione. Tempore aliquam animi delectus sed sed.', 1, '2019-09-14 23:42:24', '2019-09-14 23:42:24'),
(300, 4, 'Ms. Lessie Veum Sr.', 'Dolorum sint vel et ut. Natus id totam vitae vero adipisci unde. Aspernatur laborum nulla quod autem recusandae ut. Facere totam voluptatem reprehenderit eveniet nobis quo.', 0, '2019-09-14 23:42:24', '2019-09-14 23:42:24');

-- --------------------------------------------------------

--
-- Cấu trúc bảng cho bảng `users`
--

CREATE TABLE `users` (
  `id` bigint(20) UNSIGNED NOT NULL,
  `name` varchar(255) COLLATE utf8mb4_unicode_ci NOT NULL,
  `email` varchar(255) COLLATE utf8mb4_unicode_ci NOT NULL,
  `email_verified_at` timestamp NULL DEFAULT NULL,
  `password` varchar(255) COLLATE utf8mb4_unicode_ci NOT NULL,
  `remember_token` varchar(100) COLLATE utf8mb4_unicode_ci DEFAULT NULL,
  `created_at` timestamp NULL DEFAULT NULL,
  `updated_at` timestamp NULL DEFAULT NULL
) ENGINE=InnoDB DEFAULT CHARSET=utf8mb4 COLLATE=utf8mb4_unicode_ci;

--
-- Chỉ mục cho các bảng đã đổ
--

--
-- Chỉ mục cho bảng `failed_jobs`
--
ALTER TABLE `failed_jobs`
  ADD PRIMARY KEY (`id`);

--
-- Chỉ mục cho bảng `migrations`
--
ALTER TABLE `migrations`
  ADD PRIMARY KEY (`id`);

--
-- Chỉ mục cho bảng `password_resets`
--
ALTER TABLE `password_resets`
  ADD KEY `password_resets_email_index` (`email`);

--
-- Chỉ mục cho bảng `products`
--
ALTER TABLE `products`
  ADD PRIMARY KEY (`id`);

--
-- Chỉ mục cho bảng `reviews`
--
ALTER TABLE `reviews`
  ADD PRIMARY KEY (`id`),
  ADD KEY `reviews_product_id_foreign` (`product_id`);

--
-- Chỉ mục cho bảng `users`
--
ALTER TABLE `users`
  ADD PRIMARY KEY (`id`),
  ADD UNIQUE KEY `users_email_unique` (`email`);

--
-- AUTO_INCREMENT cho các bảng đã đổ
--

--
-- AUTO_INCREMENT cho bảng `failed_jobs`
--
ALTER TABLE `failed_jobs`
  MODIFY `id` bigint(20) UNSIGNED NOT NULL AUTO_INCREMENT;

--
-- AUTO_INCREMENT cho bảng `migrations`
--
ALTER TABLE `migrations`
  MODIFY `id` int(10) UNSIGNED NOT NULL AUTO_INCREMENT, AUTO_INCREMENT=21;

--
-- AUTO_INCREMENT cho bảng `products`
--
ALTER TABLE `products`
  MODIFY `id` bigint(20) UNSIGNED NOT NULL AUTO_INCREMENT, AUTO_INCREMENT=51;

--
-- AUTO_INCREMENT cho bảng `reviews`
--
ALTER TABLE `reviews`
  MODIFY `id` bigint(20) UNSIGNED NOT NULL AUTO_INCREMENT, AUTO_INCREMENT=301;

--
-- AUTO_INCREMENT cho bảng `users`
--
ALTER TABLE `users`
  MODIFY `id` bigint(20) UNSIGNED NOT NULL AUTO_INCREMENT;

--
-- Các ràng buộc cho các bảng đã đổ
--

--
-- Các ràng buộc cho bảng `reviews`
--
ALTER TABLE `reviews`
  ADD CONSTRAINT `reviews_product_id_foreign` FOREIGN KEY (`product_id`) REFERENCES `products` (`id`) ON DELETE CASCADE;
COMMIT;

/*!40101 SET CHARACTER_SET_CLIENT=@OLD_CHARACTER_SET_CLIENT */;
/*!40101 SET CHARACTER_SET_RESULTS=@OLD_CHARACTER_SET_RESULTS */;
/*!40101 SET COLLATION_CONNECTION=@OLD_COLLATION_CONNECTION */;
